polymer,mp,mw
Poly( 3-bromo-decamethylene pyromelltimide) (imide),291.0,433.3
Poly( 3-methyl-hexamethylene adipamide) (diacid),216.0,240.35
Poly( 3-methyl-hexamethylene sebacamide) (diamine),153.0,296.46
Poly( tetramethyl-ethylene disiloxanylenedipropionamide) (silicone),55.0,302.52
Poly( trans-1-methyl-2-propoxyethylene),168.0,100.16
"Poly(1,1-bischloromethylethylene oxide)",180.0,141.0
"Poly(1,1-dichloro-3-ethyl-3-hydroxypropionic acid)",235.0,169.01
"Poly(1,1-dimethyl-p-phenyleneethylene adipamide) (diamine)",235.0,274.36
"Poly(1,1-dimethyl-p-phenyleneethylene sebacamide) (diamine)",205.0,330.47
"Poly(1,1-dimethyl-p-phenyleneethylene succinamide) (diamine)",250.0,246.31
"Poly(1,2-cyclohexylene sulfide)",130.0,114.21
"Poly(1,2-cyclohexylene sulfone)",284.0,146.21
"Poly(1,3,5-hexatriene), 1,6-",250.0,80.13
"Poly(1,3-cyclohexylene sulfide)",139.0,114.21
"Poly(1,3-cyclohexylene sulfone)",309.0,146.21
"Poly(1,4-cyclohexylene 3,3'-methylenedibenzamide)",174.0,334.42
"Poly(1,4-dihydro-4-oxo-decamethylene 2,6-pyridinedicarboxamide)",137.0,319.41
"Poly(1,4-dihydro-4-oxo-octamethylene 2,6-pyridinedicarboxamide)",86.0,291.35
"Poly(1,4-dimethyl-tetramethylene hexamethylenediurethane) (diol)",104.0,286.37
"Poly(1,4-piperazinediethylene hexamethylenediurethane)",165.0,342.44
"Poly(1,4-piperazinediethylene sulfone)",200.0,204.29
"Poly(1,4-piperidene urethane)",270.0,127.14
"Poly(1,4-β-D-glucose tricaprate)",88.0,624.9
"Poly(1,4-β-D-glucose tricaproate)",94.0,456.58
"Poly(1,4-β-D-glucose triheptylate)",88.0,498.66
"Poly(1,4-β-D-glucose trilaurate)",91.0,709.06
"Poly(1,4-β-D-glucose trimyristate)",106.0,793.22
"Poly(1,4-β-D-glucose tripalmitate)",105.0,877.38
"Poly(1,4-β-D-glucose trivalerate)",122.0,414.5
"Poly(1,5-naphthalene-3',3''-dimethoxy-4',4''-dibenzylidenimino isophthalate)",220.0,556.58
"Poly(1,5-naphthalene-3',3''-dimethoxy-4',4''-dibenzylidenimino sebacate)",180.0,592.69
"Poly(1,5-naphthalene-3',3''-dimethoxy-4',4''-dibenzylidenimino terephthalate)",230.0,556.58
"Poly(1-amino-2,5-decamethylene-1,3,4-triazole) (triazole)",242.0,222.34
"Poly(1-amino-2,5-heptamethylene-1,3,4-triazole)",237.0,180.26
"Poly(1-amino-2,5-hexamethylene-1,3,4-triazole) (triazole)",275.0,166.23
"Poly(1-amino-2,5-octamethylene-1,3,4-triazole) (triazole)",258.0,194.28
"Poly(1-amino-2,5-pentamethylene-1,3,4-triazole)",260.0,152.2
"Poly(1-amino-2,5-tetramethylene-1,3,4-triazole)",300.0,138.17
Poly(1-carboxy-(L)-pentamethylene adipamide) (diamine),107.5,384.45000000000005
"Poly(1-methyl-trimethylene 3,3'-dibenzoate) (diol)",87.0,296.32
"Poly(1-methyl-trimethylene 4,4'-dibenzoate) (diol)",135.0,296.32
"Poly(1-methyl-trimethylene 4,4'-sulfonyldibenzamide) (diamine)",272.0,358.41
Poly(1-methyl-trimethylene isophthalate) (diol),55.0,220.22
Poly(1-methyl-trimethylene octamethylenediurethane) (diol),82.0,286.37
Poly(1-methyl-trimethylene terephthalate) (diol),87.0,220.22
Poly(1-pentadecene),54.0,210.4
"Poly(2,2'-diethyl-4,4'-oxydiphenylene m-phenylenediketone)",242.0,356.42
"Poly(2,2'-dimethyl-4,4'cyclohexylidenediphenylene carbonate)",200.0,322.4
"Poly(2,2,2-trifluoroethylvinyl ether)",128.0,126.08
"Poly(2,2-bisbromomethyl-trimethylene adipate) (diol)",120.0,372.05
"Poly(2,2-bischloromethyl-3-hydroxypropionic acid)",302.0,169.01
"Poly(2,2-bischloromethyl-trimethylene adipate) (diol)",108.0,283.15
"Poly(2,2-bischloromethyl-trimethylene oxalate)",122.0,227.04
"Poly(2,2-bischloromethyl-trimethylene succinate) (diol)",74.0,255.1
"Poly(2,2-dibutyl-3-hydroxypropionic acid)",245.0,184.28
"Poly(2,2-dimethyl-trimethylene 4,4'-sulfonyldibenzamide) (diamine)",284.0,372.44
"Poly(2,2-dimethyl-trimethylene hexamethylenediurethane) (diol)",120.0,272.35
"Poly(2,2-dimethyl-trimethylene malonate) (diol)",67.0,172.18
"Poly(2,2-dimethyl-trimethylene oxalate)",111.0,158.15
"Poly(2,2-dimethyl-trimethylene succinate) (diol)",86.0,186.21
"Poly(2,2-dimethyl-trimethylene terephthalate)",140.0,234.25
"Poly(2,3,4-trimethoxy-5-hydroxyvaleric acid)",138.0,190.2
"Poly(2,3,5,6-tetramethyl-p-xylylene dithiol-p-phenylenediacetate) (diol)",262.0,384.56
"Poly(2,3,5,6-tetramethyl-p-xylylene dithioladipate)",255.0,336.52
"Poly(2,3,5,6-tetramethyl-p-xylylene dithiolsebacate) (diol)",180.0,392.62
"Poly(2,4-dimethyl-styrene)",310.0,132.21
"Poly(2,4-hexadiyne adipate)",130.0,220.22
"Poly(2,4-hexadiyne hexamethylenediurethane)",149.0,278.31
"Poly(2,5-decamethylene-1,3,4-oxadiazole)",100.0,208.3
"Poly(2,5-dichloro-ethylene terephthalate)",165.0,261.06
"Poly(2,5-dichloro-p-xylylene)",241.5,173.04
"Poly(2,5-dihydroxy-hexamethylene adipamide) (diacid)",163.0,258.32
"Poly(2,5-dimethyl-3-phenylpropene)",338.0,146.23
"Poly(2,5-dimethyl-ethylene terephthalate)",180.0,220.22
"Poly(2,5-dimethyl-methylene p-phenylene)",300.0,118.18
"Poly(2,5-dimethyl-piperazine isophthalamide) (diamine)",315.0,244.28
"Poly(2,5-dimethyl-styrene)",335.0,132.21
"Poly(2,5-dimethyl-terephthalaldehyde)",140.0,162.19
"Poly(2,5-furandipropionic anhydride)",67.0,194.19
"Poly(2,5-nonamethlene-1,3,4-oxadiazole)",82.0,194.28
"Poly(2,5-octamethylene-1,3,4-oxadiazole)",105.0,180.25
"Poly(2,5-tetrahydrofurandipropionic anhydride)",135.0,198.22
"Poly(2,5-thiophenedipropionic anhydride)",78.0,210.25
"Poly(2,6-diisopropyl-4,4'-oxydiphenylene m-phenylenediketone)",185.0,384.48
Poly(2-(p-toluenesulfonamido)-3-mercaptopropionic acid),250.0,257.33
Poly(2-bromomethyl-2-chloromethyl-trimethylene adipate) (diol),111.0,327.6
Poly(2-butyl-2-ethyl-trimethylene hexamethylenediurethane) (diol),60.0,314.43
Poly(2-chloroethylvinyl ether),150.0,106.55
Poly(2-chloromethyl-propylene oxide),126.0,106.55
"Poly(2-ethyl-2'-isopropyl-4,4'-oxydiphenylene m-phenylenediketone)",228.0,370.45
Poly(2-hydroxy-trimethylene adipoyldiurethane) (diol),208.0,288.26
Poly(2-hydroxy-trimethylene sebacoyldiurethane) (diol),189.0,344.36
"Poly(2-isopropyl-2'-methyl-4,4'-oxydiphenylene m-phenylenediketone)",220.0,356.42
"Poly(2-isopropyl-2'-methyl-4,4'-oxydiphenylene p-phenylenediketone)",262.0,356.42
Poly(2-mercaptoacetic acid),169.0,74.1
Poly(2-methoxyethylvinyl ether),73.0,102.13
Poly(2-methyl-2-mercaptoacetic acid),152.0,88.13
Poly(2-methyl-divinylbenzal),95.0,190.24
Poly(2-methyl-p-phenylene sulfide),100.0,122.18
Poly(2-methyl-vinyl alcohol),140.0,58.08
Poly(2-phthalimido-3-mercaptopropionic acid),260.0,233.24
"Poly(3'',3'''-dimethoxy-4,4'-oxydiphenylene-4'',4'''-dibenzylidenimino adipate)",135.0,578.62
"Poly(3'',3'''-dimethoxy-4,4'-oxydiphenylene-4'',4'''-dibenzylidenimino isophthalate)",185.0,598.61
"Poly(3'',3'''-dimethoxy-4,4'-oxydiphenylene-4'',4'''-dibenzylidenimino sebacate)",140.0,634.73
"Poly(3',3''-dimethoxy-p-phenylene-4',4''-dibenzylidenimino adipate)",135.0,486.52
"Poly(3',3''-dimethoxy-p-phenylene-4',4''-dibenzylidenimino isophthalate)",230.0,506.52
"Poly(3',3''-dimethoxy-p-phenylene-4',4''-dibenzylidenimino sebacate)",120.0,542.63
"Poly(3,3',5,5'-tetrabromo-4,4'-isopropylidenediphenylene carbonate)",263.5,569.87
"Poly(3,3',5,5'-tetrachloro-4,4'-isopropylidenediphenylene carbonate)",267.5,392.06
"Poly(3,3',5,5'-tetrachloro-4,4'cyclohexylidenediphenylene carbonate)",270.0,427.09
"Poly(3,3'-dichloro-4,4'-isopropylidenediphenylene carbonate)",220.0,323.18
"Poly(3,3'-diisopropyl-4,4'-isopropylidenediphenylene carbonate)",110.0,338.45
"Poly(3,3'-dimethyl-4,4'-isopropylidenediphenylene carbonate)",170.0,282.34
"Poly(3,3'-dimethyl-4,4'-methylenediphenylene N,N'-dibutyl-adipamide) (diamine)",57.0,448.65
"Poly(3,3'-dimethyl-4,4'-methylenediphenylene N,N'-diethyl-adipamide) (diamine)",79.0,392.54
"Poly(3,3'-dimethyl-4,4'-methylenediphenylene N,N'-diisopropyl-adipamide) (diamine)",61.0,420.6
"Poly(3,3'-dimethyl-4,4'-methylenediphenylene adipamide) (diamine)",326.0,336.44
"Poly(3,3'-dimethyl-4,4'-methylenediphenylene carbonate)",250.0,254.29
"Poly(3,3'-dimethyl-4,4'-methylenediphenylene sebacamide) (diamine)",227.0,392.54
"Poly(3,3-bisbromomethyl-oxacyclobutane) [3,3-bisbromomethyl-trimethylene oxide]",220.0,243.93
"Poly(3,3-bisfluoromethyl-oxacyclobutane) [3,3-bisfluoromethyl-trimethylene oxide]",135.0,122.12
"Poly(3,3-bishydroxymethyl-oxacyclobutane) [3,3-bishydroxymethyl-trimethylene oxide]",280.0,118.13
"Poly(3,3-bisiodomethyl-oxacyclobutane) [3,3-bisiodomethyl-trimethylene oxide]",290.0,337.93
"Poly(3,3-diethyl-trimethylene sulfide)",85.0,130.25
"Poly(3,3-dimethyl-trimethylene sulfone)",284.5,134.19
"Poly(3,4'-oxydiphenylene adipamide)",225.0,310.35
"Poly(3,4'-oxydiphenylene azelamide)",150.0,352.43
"Poly(3,4'-oxydiphenylene dodecanediamide)",150.0,394.52
"Poly(3,4'-oxydiphenylene pimelamide)",170.0,324.38
"Poly(3,4'-oxydiphenylene sebacamide)",165.0,366.46
"Poly(3,4'-oxydiphenylene suberamide)",175.0,338.41
"Poly(3,4'-oxydiphenylene undecanediamide)",140.0,380.49
"Poly(3,4-dihydro-4-methyl-cyclohexylidenedimethylene oxide)",155.0,138.21
"Poly(3,4-dihydro-cyclohexylidenedimethylene oxide)",102.0,124.18
"Poly(3,4-dimethyl-3-phenylpropene)",275.0,146.23
"Poly(3,5-dimethyl-3-phenylpropene)",252.0,146.23
"Poly(3,5-dimethyl-styrene)",290.0,132.21
"Poly(3,6,13,16-tetraoxa-8,10-octadecadiyne (4,4'-methylenediphenylene)-diurethane)",130.0,536.58
"Poly(3,6,13,16-tetraoxa-8,10-octadecadiyne hexamethylenediurethane)",138.0,454.52
Poly(3-(1-naphthoxy)-propylene oxide),235.0,200.24
Poly(3-(2-naphthoxy)-propylene oxide),297.0,200.24
"Poly(3-2,4,6-trichlorophenoxy-propylene oxide)",130.0,253.51
Poly(3-bromo-dodecamethylene pyromellitimide) (imide),238.0,461.36
Poly(3-bromo-nonamethylene pyromellitimide) (imide),287.0,419.27
Poly(3-bromo-octamethylene pyromellitimide) (imide),320.0,405.25
Poly(3-carboxyl-decamethylene glutaramide) (diacid),70.0,312.41
Poly(3-hydroxy-oxacyclobutane) [3-hydroxy-trimethylene oxide],166.0,74.08
Poly(3-m-methylphenoxy-propylene oxide),169.0,164.2
Poly(3-m-tolylpropene),180.0,132.21
Poly(3-mercaptopropionic acid),145.0,88.13
Poly(3-methyl-1-hexene),285.0,98.19
Poly(3-methyl-eicosamethylene adipate) (diacid),60.0,438.69
Poly(3-methyl-hexamethylene adipamide) (diacid),230.0,240.35
Poly(3-methyl-hexamethylene adipamide) (diamine),180.0,240.35
Poly(3-methyl-hexamethylene p-phenylenedipropionamide) (diacid),227.0,316.44
Poly(3-methyl-m-phenylene adipamide) (diamine),225.0,232.28
Poly(3-methyl-m-phenylene sebacamide) (diamine),200.0,288.39
Poly(3-methyl-piperazine adipamide) (diacid),300.0,210.28
Poly(3-methyl-piperazine cyclopropylenedicarboxamide) (diacid),280.0,194.23
Poly(3-o-isopropylphenoxy-propylene oxide),128.0,192.26
Poly(3-o-methylphenoxy-propylene oxide),191.0,164.2
Poly(3-o-phenylphenoxy-propylene oxide),293.0,226.28
Poly(3-o-tolylpropene),290.0,132.21
Poly(3-oxypropyl-hexamethylene oxamide),240.0,228.29
Poly(3-p-chlorophenoxy-propylene oxide),184.0,184.62
Poly(3-p-methoxyphenoxy-propylene oxide),200.0,180.2
Poly(3-p-methylphenoxy-propylene oxide),208.5,164.2
Poly(3-p-tolylpropene),240.0,132.21
Poly(3-vinyl pyrene),214.0,228.39
"Poly(4,4'-(ethylenediphenylene)-methylene]",255.0,194.28
"Poly(4,4'-butylidenediphenylene carbonate)",170.0,268.31
"Poly(4,4'-cyclopentylidenediphenylene carbonate)",250.0,280.32
"Poly(4,4'-decamethylenediphenylene carbonate)",130.0,352.47
"Poly(4,4'-dithiodiphenylene hexamethylenediurea)",262.0,416.56
"Poly(4,4'-ethylenedibenzoic anhydride)",340.0,252.27
"Poly(4,4'-ethylenedicyclohexylene dodecanediamide)",316.0,418.66
"Poly(4,4'-ethylenedicyclohexylene sebacamide)",333.0,390.61
"Poly(4,4'-ethylenediphenylene carbonate)",300.0,240.26
"Poly(4,4'-ethylidenediphenylene carbonate)",195.0,240.26
"Poly(4,4'-isobutylidenediphenylene carbonate)",180.0,268.31
"Poly(4,4'-isopropylidenedibenzoic anhydride)",237.5,266.3
"Poly(4,4'-isopropylidenediphenylene 1,4-piperazinedipropionate)",145.0,422.52
"Poly(4,4'-isopropylidenediphenylene 4,4'-(methylenediphenylene)-diurethane)",193.0,478.55
"Poly(4,4'-isopropylidenediphenylene dithiol-1,3-cyclohexylenedicarboxylate)",220.0,396.57
"Poly(4,4'-isopropylidenediphenylene dithioladipate)",198.0,370.53
"Poly(4,4'-isopropylidenediphenylene dithionisophthalate)",152.0,390.52
"Poly(4,4'-isopropylidenediphenylene hexamethylenediurethane)",130.0,396.49
"Poly(4,4'-isopropylidenediphenylene malonate)",96.0,296.32
"Poly(4,4'-methylenedibenzoic anhydride)",332.0,238.24
"Poly(4,4'-methylenediphenylene N,N'-diethyl-adipamide)",62.0,364.49
"Poly(4,4'-methylenediphenylene N,N'-dimethyl-adipamide)",120.0,336.44
"Poly(4,4'-methylenediphenylene N,N'-dimethyl-azelamide)",58.0,378.52
"Poly(4,4'-methylenediphenylene adipate)",140.0,310.35
"Poly(4,4'-methylenediphenylene azelamide)",277.6666666666667,350.46
"Poly(4,4'-methylenediphenylene octadecamethylenediurea)",225.0,534.79
"Poly(4,4'-methylenediphenylene octamethylenediurea)",263.0,394.52
"Poly(4,4'-methylenediphenylene sebacamide)",275.0,364.49
"Poly(4,4'-methylenediphenylene tetradecamethylenediurea)",229.0,478.68
"Poly(4,4'-oxydibenzoic anhydride)",296.0,240.21
"Poly(4,4'-oxydiphenylene azelamide)",300.0,352.43
"Poly(4,4'-oxydiphenylene carbonate)",235.0,228.2
"Poly(4,4'-oxydiphenylene dodecanediamide)",290.0,394.52
"Poly(4,4'-oxydiphenylene pimelamide)",315.0,324.38
"Poly(4,4'-oxydiphenylene sebacamide)",310.0,366.46
"Poly(4,4'-oxydiphenylene suberamide)",310.0,338.41
"Poly(4,4'-oxydiphenylene undecanediamide)",270.0,380.49
"Poly(4,4'-oxydiphenylenedithiodecamethylene disulfide)",80.0,436.7
"Poly(4,4'-oxydiphenylenedithioethylene disulfide)",158.0,324.49
"Poly(4,4'-oxydiphenylenedithiotetramethylene disulfide)",94.0,352.54
"Poly(4,4'-pentamethylenedibenzoic anhydride)",118.0,294.35
"Poly(4,4'-sulfinyldiphenylene carbonate)",250.0,260.26
"Poly(4,4'-sulfonyldiphenylene carbonate)",210.0,276.26
"Poly(4,4'-tetramethylenedibenzoic anhydride)",263.0,280.32
"Poly(4,4'-trimethylenedibenzoic anhydride)",215.0,266.3
"Poly(4,4'cyclohexylidenediphenylene carbonate)",260.0,294.35
"Poly(4,4-dimethyl-heptamethylene 4,4'-sulfonyldibenzamide)",268.0,428.55
"Poly(4,6-dimethyl-m-xylylene)",135.0,132.21
Poly(4-ethyl-1-hexene),234.0,112.22
"Poly(4-methyl-3,3'-dimethyl-4,4'-methylenediphenylene m-phenylenediurea)",307.0,400.48
Poly(4-methyl-6-mercaptocaproic acid),62.0,144.24
"Poly(4-methyl-P-methyl-m-phenylene 3,3'-phosphinylidenedibenzamide) (diamine)",244.0,390.38
"Poly(4-methyl-P-methyl-m-phenylene 4,4'-phosphinylidenedibenzamide) (diamine)",252.0,390.38
"Poly(4-methyl-P-phenyl-m-phenylene 4,4'-phosphinylidenedibenzamide) (diamine)",280.0,452.45
Poly(4-methyl-cyclohexylidenedimethylene oxide),165.0,140.23
Poly(4-methyl-divinylbenzal),115.0,190.24
Poly(4-methyl-hexamethylene m-phenylenediurea) (diisocyanate),235.0,290.37
Poly(4-methyl-m-phenylene urea),284.0,148.16
Poly(4-methyl-vinylcyclohexane),250.0,124.23
Poly(4-trifluoromethyl-1-pentene),255.0,138.13
"Poly(5,5,5-trifluoro-1-pentene)",225.0,124.11
Poly(5-cyclohexyl-1-pentene),123.0,152.28
Poly(5-hydroxy-3-oxavaleric acid),89.0,102.09
Poly(5-hydroxyvaleric acid),54.0,100.12
"Poly(5-methyl-1,3-heptadiene), 1,4-",180.0,110.2
Poly(5-tert-butyl-hexamethylene isophthalamide) (diacid),210.0,302.42
"Poly(6,6-dimethyl-1-heptene)",104.0,126.24
"Poly(9,10-dihydroxy-hexamethylene octadecanediamide)",172.0,426.64
"Poly(D-1,2-dihydroxydecamethylene succinate) (diacid)",66.0,288.34
"Poly(D-1,2-dimethoxy-tetramethylene succinate) (diacid)",92.0,232.23
"Poly(N,N'-dibutyl-3,3'-dimethyl-4,4'-methylenediphenylene terephthalamide) (diamine)",159.0,468.64
"Poly(N,N'-dibutyl-4,4'-methylenediphenylene terephthalamide)",195.0,440.59
"Poly(N,N'-diethyl-3,3'-dimethyl-4,4'-methylenediphenylene terephthalamide) (diamine)",178.0,412.53
"Poly(N,N'-diethyl-4,4'-methylenediphenylene terephthalamide)",182.0,384.48
"Poly(N,N'-diisopropyl-ethylene 1,4-piperazinedipropionamide)",210.0,338.5
"Poly(N,N'-dimethyl-3,3'-dimethyl-4,4'-methylenediphenylene terephthalamide) (diamine)",229.0,384.48
"Poly(N,N'-dimethyl-4,4'-methylenediphenylene sebacamide)",55.0,392.54
"Poly(N,N'-dimethyl-4,4'-methylenediphenylene terephthalamide)",264.0,356.42
"Poly(N,N'-dimethyl-Si-tetramethyl-tetramethylene disiloxanylenedipropionamide)",120.0,358.63
"Poly(N,N'-dimethyl-hexamethylene adipamide)",75.0,254.37
"Poly(N,N'-dimethyl-hexamethylene octadecanediamide)",52.0,422.7
"Poly(N,N'-dimethyl-p-xylylene hexadecanediamide)",85.0,414.63
"Poly(N,N'-dimethyl-p-xylylene octadecanediamide)",80.0,442.69
"Poly(N,N'-dimethyl-tetramethylene succinamide)",123.0,198.27
"Poly(N,N'-dimethyl-tetramethylene terephthalamide)",272.0,246.31
"Poly(N,N'-dimethyl-trimethylene terephthalamide) (diamine)",220.0,232.28
"Poly(N,N'-dipropyl-3,3'-dimethyl-4,4'-methylenediphenylene terephthalamide) (diamine)",190.0,440.59
"Poly(N,N'-dipropyl-4,4'-methylenediphenylene terephthalamide)",156.0,412.53
"Poly(N,N'-lysyl nonamethylenediurea) methyl ester",185.0,370.49
"Poly(N,N'-lysyl pentamethylenediurea) methyl ester",175.0,314.38
"Poly(N,N'-lysyl propylenediurea) methyl ester racemic",175.0,286.33
"Poly(N,N'-lysyl tetramethylenediurea) methyl ester",185.0,300.36
"Poly(N,N'-lysyl trimethylenediurea) methyl ester",205.0,286.33
"Poly(N,N'-lysylurea) methyl ester",175.0,186.21
"Poly(N,N'-methylenediterephthalamic anhydride)",330.0,324.29
Poly(N-2-naphthoyl-ethylene amine),258.0,197.24
Poly(N-acetyl-ethylene amine),200.0,85.11
Poly(N-cyclohexanecarbonyl-ethylene amine),285.0,153.22
Poly(N-dodecanoyl-ethylene amine),155.0,225.38
"Poly(N-ethyl-2-imino-1,3-dithiapentamethylene)",68.0,147.25
"Poly(N-methyl-2,5-pyrroledipropionic anhydride)",188.0,207.223
"Poly(N-methyl-2,5-tetrahydropyrroledipropionic anhydride)",103.0,211.26
"Poly(N-methyl-2-imino-1,3-dithiapentamethylene)",89.0,133.23
Poly(N-methyl-hexamethylene adipamide),145.0,240.35
Poly(N-octadecanoyl-ethylene amine),145.0,309.54
Poly(N-perfluorooctanoyl-ethylene amine),245.0,439.12
Poly(N-perfluoropropionyl-ethylene amine),216.0,189.08
"Poly(N-phenyl-2-imino-1,3-dithiapentamethylene)",128.0,195.3
"Poly(N-phenyl-4-methyl-2-imino-1,3-dithiapentamethylene)",89.0,209.32
Poly(N-pivaloyl-ethylene amine),320.0,127.19
Poly(N-vinyldiphenylamine),320.0,195.26
"Poly(P-hydroxy-hexamethylene 4,4'-phosphinylidenedibenzamide)",245.0,386.39
"Poly(P-m-phenylene 4,4'-phosphinylidenedibenzamide)",340.0,376.35
"Poly(P-methyl-decamethylene 3,3'-phosphinylidenedibenzamide)",155.0,440.52
"Poly(P-methyl-decamethylene 4,4'-phosphinylidenedibenzamide)",186.0,440.52
"Poly(P-methyl-hexamethylene 3,3'-phosphinylidenedibenzamide)",172.0,384.42
"Poly(P-methyl-hexamethylene 4,4'-phosphinylidenedibenzamide)",213.0,384.42
"Poly(P-methyl-m-phenylene 3,3'-phosphinylidenedibenzamide)",260.0,376.35
"Poly(P-methyl-nonamethylene 3,3'-phosphinylidenedibenzamide)",141.0,426.5
"Poly(P-methyl-nonamethylene 4,4'-phosphinylidenedibenzamide)",167.0,426.5
"Poly(P-methyl-o-phenylene 3,3'-phosphinylidenedibenzamide)",181.0,376.35
"Poly(P-methyl-o-phenylene 4,4'-phosphinylidenedibenzamide)",193.0,376.35
"Poly(P-methyl-octamethylene 3,3'-phosphinylidenedibenzamide)",158.0,412.47
"Poly(P-methyl-octamethylene 4,4'-phosphinylidenedibenzamide)",172.0,412.47
"Poly(P-methyl-p-phenylene 3,3'-phosphinylidenedibenzamide)",264.0,376.35
"Poly(P-methyl-p-phenylene 4,4'-phosphinylidenedibenzamide)",340.0,376.35
"Poly(P-methyl-tetramethylene 4,4'-phosphinylidenedibenzamide)",208.0,356.36
"Poly(P-phenyl-decamethylene 4,4'-phosphinylidenedibenzamide)",192.0,502.59
"Poly(P-phenyl-hexamethylene 4,4'-phosphinylidenedibenzamide)",231.0,445.48
"Poly(P-phenyl-m-phenylene 4,4'-phosphinylidenedibenzamide)",340.0,438.42
"Poly(P-phenyl-nonamethylene 4,4'-phosphinylidenedibenzamide)",179.0,488.57
"Poly(P-phenyl-o-phenylene 4,4'-phosphinylidenedibenzamide)",207.0,438.42
"Poly(P-phenyl-octamethylene 4,4'-phosphinylidenedibenzamide)",202.0,474.54
"Poly(P-phenyl-p-phenylene 4,4'-phosphinylidenedibenzamide)",340.0,438.42
"Poly(P-phenyl-tetramethylene 4,4'-phosphinylidenedibenzamide)",230.0,418.43
Poly(Si-diethyl-dimethyl-p-phenylene disiloxanylenedipropionamide),300.0,378.62
Poly(Si-tetraethyl-4-methyl-m-phenylene disiloxanylenedipropionamide) (diamine),90.0,420.7
Poly(Si-tetraethyl-m-phenylene disiloxanylenedipropionamide),70.0,406.67
Poly(Si-tetraethyl-p-phenylene disiloxanylenedipropionamide),290.0,406.67
"Poly(Si-tetramethyl-3,3'-dimethyl-4,4'-methylenediphenylene disiloxanylenedipropionamide) (diamine)",265.0,454.72
"Poly(Si-tetramethyl-4,4'-methylenediphenylene disiloxanylenedipropionamide)",90.0,440.69
Poly(Si-tetramethyl-4-methyl-m-phenylene disiloxanylenedipropionamide) (diamine),70.0,364.59
Poly(Si-tetramethyl-m-phenylene disiloxanylenedipropionamide),90.0,350.57
Poly(Si-tetramethyl-octamethylene disiloxanylenedipropionamide),95.0,386.68
Poly(Si-tetramethyl-oxydisilyleneditrimethylene pyromellitimide),210.0,430.61
Poly(Si-tetramethyl-p-phenylene disiloxanylenedipropionamide),300.0,350.57
Poly(bromo-p-xylylene),270.0,183.05
Poly(bromomethylethylene oxide) [epibromohydrin],112.0,136.98
Poly(butyl-hexamethylene malonamide) (diacid),160.5,240.35
Poly(chloroethylene terephthalate) (diacid),92.0,226.62
Poly(cis- or trans-1-methoxy-2-methylethylene),242.33333333333334,72.11
"Poly(cis-1,2-dichloromethylethylene oxide)",235.0,141.0
"Poly(cis-1,3-cyclohexylene adipamide)",170.0,224.3
"Poly(cis-1,3-cyclohexylene azelamide)",125.0,266.38
"Poly(cis-1,3-cyclohexylene sebacamide)",120.0,280.41
"Poly(cis-1,4-cyclohexylenedimethylene 2,6-naphthalate)",287.0,324.38
"Poly(cis-1,4-cyclohexylenedimethylene adipamide)",235.5,252.36
"Poly(cis-1,4-cyclohexylenedimethylene azelamide)",195.0,294.44
"Poly(cis-1,4-cyclohexylenedimethylene dodecanediamide)",202.5,336.52
"Poly(cis-1,4-cyclohexylenedimethylene glutaramide)",167.0,238.33
"Poly(cis-1,4-cyclohexylenedimethylene p-phenylenediacetate)",55.0,302.37
"Poly(cis-1,4-cyclohexylenedimethylene pimelamide)",191.0,266.38
"Poly(cis-1,4-cyclohexylenedimethylene sebacamide)",204.0,308.47
"Poly(cis-1,4-cyclohexylenedimethylene suberamide)",215.0,280.41
"Poly(cis-1,4-cyclohexylenedimethylene trans-1,4-cyclohexylenedicarboxylate)",205.0,280.36
Poly(cis-1-butoxy-2-methylethylene),100.0,114.19
Poly(cis-1-ethoxy-2-methylethylene),199.0,86.13
Poly(cis-1-isopropoxy-2-methylethylene),204.0,100.16
Poly(cis-1-tert-butoxy-2-methylethylene),250.0,114.19
Poly(cis-2-butenylene hexamethylenediurethane),136.0,256.3
"Poly(cis-4,4'-isopropylidenediphenylene cyclopropylene-dicarboxylate)",130.0,322.36
Poly(cis-cyclopropylenedimethylene cyclopropylenediurethane),175.0,226.23
Poly(cis-cyclopropylenedimethylene hexamethylenediurethane),120.0,270.33
Poly(cis-cyclopropylenedimethylene piperazinediurethane),70.0,240.26
Poly(cis-cyclopropylenedimethylene toluylenediurethane),170.0,276.29
Poly(cis-m-phenylene cyclopropylenedi(carboxylate)),65.0,204.18
Poly(cis-p-phenylene cyclopropylenedicarboxylate),160.0,204.18
Poly(cyano-p-xylylene),270.0,129.16
Poly(cyclohexene oxide),126.0,98.14
Poly(cyclohexylidenedimethylene oxide),152.0,126.2
Poly(cyclohexylidenethiohexamethylene sulfide),75.0,230.44
Poly(cyclopropylene cyclopropylenedicarboxamide),285.0,166.18
Poly(cyclopropylene hexamethylenediurea),180.0,240.31
Poly(cyclopropylene isophthalamide),250.0,202.21
Poly(cyclopropylene piperazinediurea),260.0,210.24
Poly(cyclopropylene sebacamide),220.0,238.33
Poly(cyclopropylenedimethylene cyclopropylenedicarboxamide),220.0,194.23
Poly(cyclopropylenedimethylene isophthalamide),220.0,230.27
Poly(cyclopropylenedimethylene isophthalate),100.0,232.24
Poly(cyclopropylenedimethylene sebacamide),223.0,266.38
Poly(cyclopropylenedimethylene terephthalate),130.0,232.24
"Poly(decamethylene 2,4-pyridinedicarboxamide)",190.0,303.41
"Poly(decamethylene 2,5-furandicarboxamide)",130.0,292.38
"Poly(decamethylene 2,5-furandipropionamide)",140.0,348.49
"Poly(decamethylene 2,5-pyridinedicarboxamide)",232.0,303.41
"Poly(decamethylene 2,5-tetrahydrofurandipropionamide)",178.0,352.52
"Poly(decamethylene 2,5-thiophenedicarboxamide)",250.0,308.44
"Poly(decamethylene 2,6-pyridinedicarboxamide)",200.0,303.41
"Poly(decamethylene 3,3'-dibenzoate)",90.0,380.48
"Poly(decamethylene 3,3'-dimethyl-4,4'-biphenylenediurethane) (diisocyanate)",219.0,438.57
"Poly(decamethylene 3,3'-methylenedibenzamide)",65.0,392.54
"Poly(decamethylene 3,5-pyridinedicarboxamide)",210.0,303.41
"Poly(decamethylene 4,4'-dibenzoate)",132.0,380.48
"Poly(decamethylene 4,4'-ethylidenedibenzamide)",150.0,406.57
"Poly(decamethylene 4,4'-methylenedibenzamide)",100.0,392.54
"Poly(decamethylene 4,4'-methylenediphenylenediurea)",246.0,422.57
"Poly(decamethylene N,N'-ethylenediterephthalamate)",277.0,494.59
"Poly(decamethylene N,N'-hexamethylenediterephthalamate)",235.0,550.7
"Poly(decamethylene N,N'-pentamethylenediterephthalamate)",205.0,536.67
"Poly(decamethylene N,N'-tetramethylenediterephthalamate)",261.0,522.64
"Poly(decamethylene N,N'-trimethylenediterephthalamate)",222.0,508.61
Poly(decamethylene adipoyldiurethane),164.0,370.45
Poly(decamethylene carbonate),55.0,200.28
Poly(decamethylene decamethylenediurethane),143.5,398.59
Poly(decamethylene disulfide),65.0,204.39
Poly(decamethylene dithioladipate),75.0,316.53
Poly(decamethylene dithiolsebacate),103.0,372.63
Poly(decamethylene dithiolterephthalate),201.0,336.52
Poly(decamethylene docosanediamide),169.0,506.86
Poly(decamethylene dodecamethylenediurea),190.0,424.67
Poly(decamethylene dodecanediamide),191.5,366.59
Poly(decamethylene eicosanediamide),171.0,478.8
Poly(decamethylene hexamethylenediurea),213.0,340.51
Poly(decamethylene isophthalamide),186.0,302.42
Poly(decamethylene m-carboxycarbanilate),127.0,319.4
Poly(decamethylene ocatadecanediamide),170.0,450.75
Poly(decamethylene oxamide),257.0,226.32000000000002
Poly(decamethylene oxamide-alt-decamethylene sebacamide),231.0,564.86
Poly(decamethylene oxydiacetate),64.0,272.34
Poly(decamethylene p-carboxycarbanilate),158.0,319.4
Poly(decamethylene p-phenylenediacetamide),253.5,330.47
Poly(decamethylene p-phenylenedipropionamide),268.0,358.53
Poly(decamethylene p-xylylenediurea),260.0,360.5
Poly(decamethylene p-xylylenediurethane),147.0,362.47
Poly(decamethylene phthalamide),115.0,302.42
Poly(decamethylene pimelate),66.0,298.42
Poly(decamethylene sebacoyldiurethane),153.0,426.55
Poly(decamethylene suberamide),212.5,310.48
Poly(decamethylene sulfide),84.5,172.33
Poly(decamethylene sulfonyldivalerate),101.0,404.56
Poly(decamethylene terephthalamide),276.0,302.42
Poly(decamethylene tetradecamethylenediurea),180.0,452.73
Poly(decamethylene tetradecanediamide),189.0,394.64
Poly(decamethylene tetramethylenediurethane),171.0,314.43
Poly(decamethylene thiodivalerate),57.0,372.56
Poly(decamethylene urea),202.33333333333334,198.31000000000003
Poly(decamethyleneaminohexamethylene amine),102.0,254.46
Poly(decamethylenedithioethylene disulfide),80.0,296.56
Poly(decamethylenedithiotetramethylene disulfide),57.0,324.62
Poly(decamethyleneoxymethylene oxide),57.0,186.3
Poly(decamethylenethiohexamethylene sulfide),78.0,288.55
Poly(decamethylenetridecanediamide),175.0,380.62
Poly(decyl-hexamethylene malonamide) (diacid),133.5,324.51
"Poly(di-1,4-naphthyleneoxyethylene oxide)",291.0,312.37
"Poly(di-1,4-naphthyleneoxyheptamethylene oxide)",239.0,382.5
"Poly(di-1,4-naphthyleneoxyhexamethylene oxide)",280.0,368.48
"Poly(di-1,4-naphthyleneoxypentamethylene oxide)",196.0,354.45
"Poly(di-1,4-naphthyleneoxytetramethylene oxide)",324.0,340.42
"Poly(di-1,4-naphthyleneoxytrimethylene oxide)",278.0,326.4
Poly(di-m-trifluoromethyl-bis-phenoxy-di-phosphazene),330.0,367.19
Poly(di-p-toluylmethylene),180.0,194.28
Poly(diethyl-2-hydroxyacetic acid) [diethylglycolic acid],200.0,114.14
Poly(dimethyl-2-hydroxyacetic acid) [dimethylglycolic acid],190.0,86.09
Poly(dimethyl-3-phenoxy-propylene oxide),125.0,178.23
Poly(dimethyl-hexamethylene malonamide) (diacid),117.0,212.19
"Poly(diphenyl-4,4'-methylenediphenylene carbonate)",230.0,378.43
Poly(diphenylmethylene),220.0,166.22
Poly(dithiodiethylene sebacamide),155.0,318.49
Poly(divinylbenzal),100.0,176.22
Poly(divinylfurfural),145.0,166.18
"Poly(dodecamethylene 3,3'-dimethyl-4,4'-biphenylenediurethane) (diisocyanate)",219.0,466.62
"Poly(dodecamethylene 4,4'-methylenediphenylenediurea)",240.0,450.63
"Poly(dodecamethylene 4,4'-methylenediphenylenediurethane)",164.0,452.59
"Poly(dodecamethylene N,N'-ethylenediterephthalamate)",264.0,522.64
"Poly(dodecamethylene N,N'-hexamethylenediterephthalamate)",231.0,578.75
"Poly(dodecamethylene N,N'-pentamethylenediterephthalamate)",206.0,564.72
"Poly(dodecamethylene N,N'-tetramethylenediterephthalamate)",258.0,550.7
"Poly(dodecamethylene N,N'-trimethylenediterephthalamate)",216.0,536.67
Poly(dodecamethylene adipamide),220.0,310.48
Poly(dodecamethylene decamethylenediurethane),133.0,426.64
Poly(dodecamethylene docosanediamide),164.0,534.92
Poly(dodecamethylene dodecamethylenediurethane),128.0,454.7
Poly(dodecamethylene dodecanediamide),183.0,394.64
Poly(dodecamethylene hexamethylenediurea),221.5,368.57
Poly(dodecamethylene hexamethylenediurethane),139.0,370.53
Poly(dodecamethylene octadecanediamide),167.0,478.8
Poly(dodecamethylene oxamide-alt-dodecamethylene sebacamide),217.0,620.96
Poly(dodecamethylene p-phenylenediacetamide),256.0,358.53
Poly(dodecamethylene p-phenylenedipropionamide),263.0,386.58
Poly(dodecamethylene p-xylylenediurea),258.0,388.56
Poly(dodecamethylene p-xylylenediurethane),178.0,390.52
Poly(dodecamethylene terephthalamide),298.5,330.47
Poly(dodecanedioic anhydride),87.0,212.29
Poly(dodecyl-hexamethylene malonamide) (diacid),133.0,352.56
Poly(dodecyl-nonamethylene malonamide) (diacid),127.0,394.64
Poly(dodecyl-octamethylene malonamide) (diacid),125.0,380.62
Poly(dodecyl-pentamethylene malonamide) (diacid),208.0,338.54
Poly(dodecyl-tetramethylene malonamide) (diacid),201.0,324.51
Poly(dodecyldecamethylene malonamide) (diacid),123.0,408.67
Poly(dodecylheptamethylene malonamide) (diacid),147.0,366.59
"Poly(eicosamethylene 3,3'-dibenzoate)",91.0,520.76
"Poly(eicosamethylene 4,4'-dibenzoate)",115.0,520.76
Poly(eicosamethylene adipate),87.0,424.67
Poly(eicosamethylene azelate),87.0,466.75
Poly(eicosamethylene glutarate),80.0,410.64
Poly(eicosamethylene malonate),69.0,382.58
Poly(eicosamethylene oxalate),90.0,368.56
Poly(eicosamethylene oxydiacetate),89.0,412.61
Poly(eicosamethylene phthalate),52.0,444.66
Poly(eicosamethylene pimelate),84.0,438.69
Poly(eicosamethylene sebacate),92.0,480.78
Poly(eicosamethylene suberate),88.0,452.72
Poly(eicosamethylene succinate),89.0,396.61
Poly(eicosamethylene sulfonyldivalerate),117.0,544.83
Poly(eicosamethylene terephthalate),113.0,444.66
Poly(eicosamethylene thiodivalerate),79.0,512.84
"Poly(ethylene 1,4-piperazinedipropionamide)",231.0,254.33
"Poly(ethylene 1,4-piperazinedipropionate)",93.0,256.3
"Poly(ethylene 1,5-naphthalate)",230.0,242.23
"Poly(ethylene 2,2'-dibenzoate)",130.0,268.27
"Poly(ethylene 2,4-hexadienediamide)",61.0,166.18
"Poly(ethylene 2,5-tetrahydrofurandipropionamide)",218.0,240.3
"Poly(ethylene 2,7-naphthalate)",270.0,242.23
"Poly(ethylene 3,3'-dibenzoate)",122.0,268.27
Poly(ethylene 3-(p-nitro)-glutarate),76.0,279.25
"Poly(ethylene 4,4'-ethylenedibenzoate)",266.0,296.32
"Poly(ethylene 4,4'-hexamethylenedibenzoate)",160.0,352.43
"Poly(ethylene 4,4'-methylenedibenzoate)",270.0,282.3
"Poly(ethylene 4,4'-oxydibenzoate)",143.0,284.27
"Poly(ethylene 4,4'-tetramethylenedibenzoate)",170.0,324.38
"Poly(ethylene 4,4'-thiodibenzoate)",200.0,300.33
"Poly(ethylene N,N'-lysyldiurea) methyl ester",160.0,272.3
"Poly(ethylene N,N'-trimethylenediterephthalamate)",205.0,396.4
Poly(ethylene adipamide),310.0,170.21
Poly(ethylene adipoyldiurethane),210.0,258.23
Poly(ethylene azelamide-alt-ethylene oxamide),343.0,326.4
"Poly(ethylene dithiol-2,5-pyridinedicarboxylate)",280.0,252.29
Poly(ethylene dithioladipate),125.0,204.31
Poly(ethylene dithiolisophthalate),185.0,224.3
Poly(ethylene dithiolterephthalate),340.0,224.29
Poly(ethylene dithionisophthalate),80.0,224.29
Poly(ethylene dithiotetramethylene disulfide),92.0,212.4
Poly(ethylene dodecanediamide),261.0,254.37
Poly(ethylene hexamethylenediurea),266.5,228.3
Poly(ethylene m-phenylenedisulfonamide),182.0,262.3
Poly(ethylene methylisophthalate) (diol),87.0,206.2
Poly(ethylene oxamide-alt-ethylene sebacamide),323.0,340.42
Poly(ethylene oxamide-alt-ethylene suberamide),348.0,312.37
Poly(ethylene p-oxyphenyleneacetate),172.0,178.19
Poly(ethylene p-phenylenediacetate),122.0,220.22
Poly(ethylene phthalamide),250.0,190.2
Poly(ethylene phthalate),104.0,192.17
Poly(ethylene sebacamide),270.0,226.32000000000002
Poly(ethylene sebacoyldiurea),228.0,312.37
Poly(ethylene sebacoyldiurethane),198.0,314.34
Poly(ethylene sulfonyldivalerate),86.0,292.35
Poly(ethylene thiodienanthamide),210.0,314.49
Poly(ethylene thiodivaleramide),220.0,258.38
Poly(ethylene-p-oxy-m-chloro-benzoate),285.0,198.61
Poly(ethylene-p-oxy-m-methyl-benzoate),292.0,178.19
Poly(ethylene-p-oxy-o-chloro-benzoate),153.0,198.61
Poly(ethylene-p-oxy-o-methyl-benzoate),157.0,178.19
Poly(ethylenedithiohexamethylene disulfide),104.5,240.56
Poly(ethyleneoxy-p-phenylene oxide),270.0,136.15
Poly(ethylenethiohexamethylene sulfide),86.0,176.34
Poly(ethylenethiotetramethylene sulfide),89.0,148.29
Poly(ethylidene p-phenylene),205.0,104.15
Poly(ethylvinyl ether),86.0,72.11
Poly(fluoromethylethylene oxide),68.0,76.07
Poly(furfural-alt-dimethylketene),180.0,166.18
Poly(heptadecyl-hexamethylene malonamide) (diacid),166.0,422.7
"Poly(heptamethylene 2,5-tetrahydrofurandipropionamide)",148.0,310.44
Poly(heptamethylene 4-octenediamide),249.0,266.38
"Poly(heptamethylene N,N'-ethylenediterephthalamate)",275.0,452.51
"Poly(heptamethylene N,N'-hexamethylenediterephthalamate)",227.0,508.61
"Poly(heptamethylene N,N'-pentamethylenediterephthalamate)",199.0,494.59
"Poly(heptamethylene N,N'-tetramethylenediterephthalamate)",269.0,480.56
"Poly(heptamethylene N,N'-trimethylenediterephthalamate)",222.0,466.53
Poly(heptamethylene disulfide),130.0,162.31
Poly(heptamethylene hexamethylenediurea),243.0,298.43
Poly(heptamethylene oxamide-alt-heptamethylene sebacamide),248.0,480.69
Poly(heptamethylene p-phenylenediacetamide),234.0,288.39
Poly(heptamethylene terephthalamide),333.0,260.34
Poly(heptametylene undecanediamide),195.0,310.48
Poly(heptyl-hexamethylene malonamide) (diacid),135.0,282.43
"Poly(hexadecamethylene 4,4'-(methylenediphenylene)-diurethane]",152.0,508.7
Poly(hexadecamethylene decamethylenediurethane),128.0,482.75
Poly(hexadecamethylene hexamethylenediurethane),134.0,426.64
Poly(hexadecamethylene p-xylylenediurethane),168.0,446.63
Poly(hexadecyl-hexamethylene malonamide) (diacid),162.0,408.67
Poly(hexamethyelene oxydivaleramide),180.0,298.43
"Poly(hexamethylene 1,2-cyclohexylenediacetamide)",255.0,280.41
"Poly(hexamethylene 1,4-dihydro-4-oxo-2,6-pyridinedicarboxamide)",178.0,263.3
"Poly(hexamethylene 1,4-piperazinediacetamide)",168.0,282.39
"Poly(hexamethylene 1-methyl-2,5-pyrroledipropionamide) (diacid)",180.0,305.42
"Poly(hexamethylene 1-methyl-2,5-pyrrolidinedipropionamide) (diacid)",200.0,309.45
"Poly(hexamethylene 2,3-pyrazoledicarboxamide)",140.0,238.29
"Poly(hexamethylene 2,3-pyridinedicarboxamide)",103.0,247.3
"Poly(hexamethylene 2,4-pyrazoledicarboxamide)",271.0,238.29
"Poly(hexamethylene 2,4-pyridinedicarboxamide)",220.0,247.3
"Poly(hexamethylene 2,5-dihydroxy-terephthalamide) (diacid)",334.0,278.31
"Poly(hexamethylene 2,5-dimethyl-terephthalamide) (diacid)",143.0,274.36
"Poly(hexamethylene 2,5-pyridinedicarboxamide)",272.0,247.3
"Poly(hexamethylene 2,5-tetrahydrofurandipropionamide)",182.0,296.41
"Poly(hexamethylene 2,5-thiophenediacetamide)",230.0,280.39
"Poly(hexamethylene 2,5-thiophenedicarboxamide)",315.0,252.33
"Poly(hexamethylene 2,5-thiophenedipropionamide)",221.0,308.44
"Poly(hexamethylene 2,6-dimethyl-3,5-pyridinedicarboxamide) (diacid)",140.0,275.35
"Poly(hexamethylene 2,6-pyridinedicarboxamide)",220.0,247.3
"Poly(hexamethylene 3,3'-dimethyl-3,3'-p-phenylenedibutyramide) (diacid)",193.0,358.52
"Poly(hexamethylene 3,3'-methylenedibenzamide)",113.0,336.44
"Poly(hexamethylene 3,3'-p-phenylenedibutyramide)",196.0,330.47
"Poly(hexamethylene 3,4-pyridinedicarboxamide)",101.0,247.3
"Poly(hexamethylene 3,5-pyridinedicarboxamide)",257.0,247.3
"Poly(hexamethylene 4,4'-isopropylidenedibenzamide)",180.0,364.49
"Poly(hexamethylene 4,4'-methylenediphenylene)",132.0,336.44
"Poly(hexamethylene 4,4'-oxydibenzoate)",74.0,340.38
"Poly(hexamethylene 4,4'-sulfonyldibenzamide)",310.0,386.46
"Poly(hexamethylene 4,4'-sulfonyldibenzoate)",280.0,388.44
"Poly(hexamethylene 4-oxo-4(H)-pyran-2,6-dicarboxamide) (diacid)",77.0,264.28
Poly(hexamethylene 5-oxadodecanediamide),149.0,312.45
Poly(hexamethylene 5-oxahexadecanediamide),159.0,368.56
Poly(hexamethylene 5-oxasebacamide),160.0,284.4
Poly(hexamethylene 5-oxatetradecanediamide),155.0,340.51
Poly(hexamethylene 5-oxaundecanediamide),152.0,298.43
Poly(hexamethylene 5-pyrrolidonylidenedipropionamide),250.0,295.4
Poly(hexamethylene 6-hydroxy-undecanediamide) (diacid),165.0,312.45
Poly(hexamethylene 6-oxaheptadecanediamide),160.0,382.59
Poly(hexamethylene 6-oxapentadecanediamide),154.0,354.53
"Poly(hexamethylene N,N'-dimethyl-terephthalamide)",260.0,274.36
"Poly(hexamethylene N,N'-lysyldiurea) methyl ester",180.0,328.41
"Poly(hexamethylene N,N'-pentamethylenediterephthalamate)",238.0,480.56
"Poly(hexamethylene N,N'-piperazinediterephthalamate)",255.0,464.52
"Poly(hexamethylene N,N'-tetramethylenediterephthalamate)",290.0,466.53
"Poly(hexamethylene N,N'-trimethylenediterephthalamate)",256.0,452.51
"Poly(hexamethylene Si-tetramethyl-tetraphenyl-4,4'-tetrasiloxanylenedibenzamide)",140.0,847.28
"Poly(hexamethylene Sidimethyl-4,4'-silylenedibenzamide)",190.0,380.56
Poly(hexamethylene adipamide-alt-hexamethylene oxamide),268.0,396.53
Poly(hexamethylene adipoyldiurethane),206.0,314.34
Poly(hexamethylene azelamide-alt-hexamethylene oxamide),254.0,438.61
Poly(hexamethylene azelate),54.0,270.37
Poly(hexamethylene carbonate),60.0,144.17
Poly(hexamethylene cis-cyclopropylenedicarboxamide),180.0,210.28
Poly(hexamethylene isophthalamide),210.0,246.31
Poly(hexamethylene isophthalate),110.0,248.28
Poly(hexamethylene ketodipropionamide),180.0,254.33
Poly(hexamethylene m-carboxycarbanilate),96.0,263.29
Poly(hexamethylene m-phenylenediacetamide),182.0,274.36
Poly(hexamethylene methyl-terephthalamide) (diacid),248.0,260.34
Poly(hexamethylene naphthalenedicarboxamide),200.0,298.39
Poly(hexamethylene nonamethylenediurea),243.0,326.48
Poly(hexamethylene octadecamethylenediurea),192.0,452.73
Poly(hexamethylene octadecanediamide),192.0,394.64
Poly(hexamethylene octamethylenedithiourea),160.0,344.58
Poly(hexamethylene octamethylenediurea),249.0,312.46
Poly(hexamethylene octamethylenediurethane),153.0,342.48
Poly(hexamethylene oxamide-alt-hexamethylene pimelamide),259.0,410.56
Poly(hexamethylene oxamide-alt-hexamethylene sebacamide),257.0,452.64
Poly(hexamethylene oxamide-alt-hexamethylene suberamide),260.0,424.58
Poly(hexamethylene oxydiacetamide),157.5,214.26
Poly(hexamethylene oxydiacetate),64.5,216.23
Poly(hexamethylene oxydibutyramide),187.0,270.37
Poly(hexamethylene oxydicaproamide),175.0,326.48
Poly(hexamethylene oxydienanthamide),170.0,354.53
Poly(hexamethylene oxydipelarqonamide),158.0,410.64
Poly(hexamethylene p-phenylenediacetamide),300.0,274.36
Poly(hexamethylene p-phenylenedipropionamide),295.75,302.42
Poly(hexamethylene p-xylylenediurea),306.0,304.39
Poly(hexamethylene p-xylylenediurethane),209.0,306.36
Poly(hexamethylene pentamethylenediurea),251.0,270.38
Poly(hexamethylene phthalamide),150.0,246.31
Poly(hexamethylene pimelamide),215.0,240.35
Poly(hexamethylene pimelate),55.0,242.32
Poly(hexamethylene piperazinediurea),255.0,254.33
Poly(hexamethylene propylenediurea) racemic,230.0,270.33
Poly(hexamethylene sebacoyldiurethane),158.0,370.45
Poly(hexamethylene succinate),57.0,200.23
Poly(hexamethylene sulfonyldivaleramide),215.0,346.49
Poly(hexamethylene sulfonyldivalerate),92.0,348.46
Poly(hexamethylene tetradecamethylenediurea),198.0,396.62
Poly(hexamethylene tetradecanediamide),209.0,338.54
Poly(hexamethylene tetramethylenediurea),283.0,256.35
Poly(hexamethylene thiodibutyramide),200.0,286.43
Poly(hexamethylene thiodienanthamide),170.0,370.6
Poly(hexamethylene thiodipropionamide),217.5,258.38
Poly(hexamethylene thiodivaleramide),182.5,314.49
Poly(hexamethylene thiourea),160.0,158.26
"Poly(hexamethylene trans-1,2-cyclohexylenedicarboxamide)",242.0,252.36
"Poly(hexamethylene trans-1,3-cyclohexylenedicarboxamide)",312.0,252.36
"Poly(hexamethylene trans-1,4-cyclohexylenedicarboxylate)",120.0,254.33
Poly(hexamethylene trimethylenediurea),266.0,242.32
Poly(hexamethyleneoxy-p-phenylene oxide),170.0,192.26
Poly(hexamethylenethiopentamethylene sulfide),65.0,218.42
Poly(hexamethylenethiotetramethylene sulfide),71.0,204.39
Poly(hexamethylenethioundecamethylene sulfide),78.0,302.59
Poly(hexenamer),61.0,82.15
Poly(hexyl-hexamethylene malonamide) (diacid),144.5,268.4
Poly(hydrazo adipamide),320.0,142.16
Poly(hydrazo azelamide),237.0,184.24
Poly(hydrazo docosanediamide),210.0,366.59
Poly(hydrazo dodecanediamide),242.0,226.32
Poly(hydrazo glutaramide),140.0,128.13
Poly(hydrazo pimelamide),260.0,156.18
Poly(hydrazo sebacamide),260.0,198.27
Poly(hydrazo suberamide),275.0,170.21
Poly(hydrazo thiodivaleramide),180.0,230.33
Poly(isobutylene sulfide),187.0,88.17
Poly(isophthalaldehyde),80.0,134.13
Poly(isophthalic anhydride),259.0,148.12
Poly(isophthaloyl dithionisophthaloyldihydrazide),324.0,356.42
Poly(isopropyl-2-hydroxyacetic acid) [isopropylglycolic acid],205.0,100.12
Poly(isopropylidene sulfide),124.5,74.14
Poly(m-chloro-styrene),158.0,138.6
Poly(m-fluoro-styrene),262.5,122.14
Poly(m-hydroxybenzoic acid),176.0,120.11
Poly(m-methyl-styrene),206.0,118.18
Poly(m-phenylene adipamide),320.0,218.26
Poly(m-phenylene hexamethylenediurethane),150.0,278.31
Poly(m-phenylene isophthalate),245.0,240.21
Poly(m-phenylene succinate),260.0,192.17
Poly(m-xylylene azelamide),172.0,288.39
Poly(m-xylylene isophthalamide),225.0,266.3
Poly(m-xylylene pimelamide),192.0,260.34
Poly(m-xylylene sebacamide),193.0,302.42
Poly(m-xylylene suberamide),213.0,274.36
Poly(m-xylylene terephthalamide),300.0,266.3
Poly(m-xylylene tetradecanediamide),192.0,358.53
Poly(m-xylylene),80.0,104.15
Poly(methacrylic acid) tert-butyl ester,134.5,142.12
"Poly(methyl-ethylene 2,2'-dibenzoate) (diol)",55.0,282.3
"Poly(methyl-ethylene 3,3'-dibenzoate) (diol)",97.0,282.3
"Poly(methyl-ethylene 4,4'-dibenzoate) (diol)",140.0,282.3
"Poly(methyl-hexamethylene 4,4'-vinylenedibenzamide) (diacid)",160.0,362.47
"Poly(methyl-p-phenylene 1,4-piperazinedipropionate) (diacid)",164.0,318.37
Poly(methyl-p-xylylene),220.0,118.18
"Poly(methyl-piperazine 1,4-piperazinedipropionamide) (diacid)",218.0,294.4
"Poly(methyl-piperazine 1,4-piperazinedipropionamide) (diamine)",217.0,294.4
Poly(methyl-piperazine isophthalamide) (diamine),280.0,230.27
Poly(methyldecamethylene fumaramide) (diacid),166.0,266.38
Poly(methyleneoxynonamethylene oxide),55.0,172.27
Poly(methyleneoxyoctadecamethylene oxide),72.0,298.51
Poly(methyleneoxytetradecamethylene oxide),69.0,242.4
Poly(methylenethiotetramethylene sulfide),73.0,134.26
Poly(methylethylene sulfonyldivalerate) (diol),68.0,306.38
Poly(methylethylene terephthalate) (diacid),70.0,206.2
Poly(methylethylene terephthalate) (diol),111.0,206.2
Poly(neopentylethylene oxide),82.0,114.19
"Poly(nonamethylene 2,5-tetrahydrofurandipropionamide)",149.0,338.49
"Poly(nonamethylene N,N'-ethylenediterephthalamate)",267.0,480.56
"Poly(nonamethylene N,N'-hexamethylene diterephthalamate)",219.0,536.67
"Poly(nonamethylene N,N'-pentamethylenediterephthalamate)",194.0,522.64
"Poly(nonamethylene N,N'-tetramethylenediterephthalamate)",259.0,508.61
"Poly(nonamethylene N,N'-trimethylenediterephthalamate)",211.0,494.59
Poly(nonamethylene adipamide),223.5,268.4
Poly(nonamethylene disulfide),57.5,190.36
Poly(nonamethylene oxamide-alt-nonamethylene sebacamide),234.0,536.8
Poly(nonamethylene pimelamide),196.0,282.43
Poly(nonamethylene sebacamide),189.0,324.51
Poly(nonamethylene tridecanediamide),183.0,366.59
Poly(nonamethylene undecanediamide),196.0,338.54
Poly(nonamethylene urea),220.0,184.28
Poly(nonyl-hexamethylene malonamide) (diacid),137.0,310.48
Poly(o-hydroxy-styrene-alt-carbon monoxide),195.0,148.16
Poly(o-methoxy-vinylcyclohexane),195.0,140.23
Poly(o-phenylene adipamide),179.0,218.26
Poly(o-phenylene sebacamide),125.0,274.36
Poly(o-phenylene suberamide),150.0,246.31
"Poly(octadecamethylene 4,4'-(ethylenedixy)-dibenzoate]",122.0,552.77
Poly(octadecamethylene anhydride),95.0,296.45
Poly(octadecamethylene docosanediamide),146.0,619.08
Poly(octadecamethylene dodecanediamide),170.0,478.8
Poly(octadecamethylene octadecanediamide),152.0,562.97
Poly(octadecamethylene p-phenylenediacetamide),225.0,442.69
Poly(octadecamethylene p-phenylenedipropionamide),232.0,470.74
Poly(octadecamethylene p-xylylenediurea),226.0,472.72
Poly(octadecamethylene sebacamide),171.0,450.75
Poly(octadecamethylene terephthalamide),255.0,414.63
Poly(octadecamethylene terephthalate),116.0,416.6
Poly(octadecyl-hexamethylene malonamide) (diacid),165.0,436.72
"Poly(octamethylene 2,4-pyridinedicarboxamide)",190.0,275.35
"Poly(octamethylene 2,5-furandicarboxamide)",125.0,264.32
"Poly(octamethylene 2,5-pyridinedicarboxamide)",232.0,275.35
"Poly(octamethylene 2,5-tetrahydrofurandipropionamide)",180.0,324.46
"Poly(octamethylene 2,5-thiophenedicarboxamide)",304.0,280.39
"Poly(octamethylene 2,6-pyridinedicarboxamide)",192.0,275.35
"Poly(octamethylene 3,5-pyridinedicarboxiamide)",214.0,275.35
"Poly(octamethylene 4,4'-biphenylenedicarboxylate)",197.0,352.43
"Poly(octamethylene N,N'-ethylenediterephthalamate)",282.0,466.53
"Poly(octamethylene N,N'-hexamethylenediterephthalamate)",238.0,522.64
"Poly(octamethylene N,N'-tetramethylenediterephthalamate)",276.0,494.59
"Poly(octamethylene N,N'-trimethylenediterephthalamate)",231.0,480.56
"Poly(octamethylene N,N,'-pentamethylenediterephthalamate)",207.0,508.61
Poly(octamethylene adipamide),246.33333333333334,254.37
Poly(octamethylene decamethylenediurethane),137.0,370.53
Poly(octamethylene disulfide),58.0,176.34
Poly(octamethylene docosanediamide),175.0,478.8
Poly(octamethylene dodecanediamide),198.66666666666666,338.54
Poly(octamethylene dodecanedioate),73.0,340.5
Poly(octamethylene eicosanediamide),179.0,450.75
Poly(octamethylene isophthalamide),186.0,274.36
Poly(octamethylene octadecanediamide),179.0,422.7
Poly(octamethylene octamethylenedithiourea),190.0,372.63
Poly(octamethylene octamethylenediurethane),144.0,342.48
Poly(octamethylene oxamide),276.0,198.27
Poly(octamethylene oxamide-alt-octamethylene sebacamide),244.0,508.75
Poly(octamethylene p-phenylenediacetamide),280.0,302.42
Poly(octamethylene p-phenylenedipropionamide),289.0,330.47
Poly(octamethylene p-xylylenediurea),278.0,332.45
Poly(octamethylene p-xylylenediurethane),196.0,334.42
Poly(octamethylene phthalamide),123.0,274.36
Poly(octamethylene sebacamide),207.66666666666666,310.48
Poly(octamethylene sebacoyldiurea),212.0,396.53
Poly(octamethylene tetradecanediamide),196.0,366.59
Poly(octamethylene tetramethylenedithiourea),160.0,316.53
Poly(octamethylene urea),260.0,170.26
Poly(octyl-hexamethylene malonamide) (diacid),132.0,296.45
Poly(octyl-phosphinideneditrimethylene adipamide),135.0,370.52
"Poly(oxydiethylene 2,2'-dibenzoate)",95.0,312.32
"Poly(oxydiethylene 3,3'-dibenzoate)",75.0,312.32
"Poly(oxydiethylene 4,4'-dibenzoate)",170.0,312.32
"Poly(oxydiethylene 4,4'-ethylenedibenzoate)",105.0,340.38
"Poly(oxydiethylene 4,4'-methylenedibenzoate)",145.0,326.35
Poly(oxydiethylene hexamethylenediurethane),120.0,274.32
Poly(oxydiethylene isophthalate),90.0,236.22
Poly(oxydiethylene sulfonyldivalerate),66.0,304.34
Poly(oxydipentamethylene 5-oxadodecanediamide),102.0,384.56
Poly(oxydipentamethylene 5-oxahexadecanediamide),122.0,440.67
Poly(oxydipentamethylene 5-oxasebacamide),127.0,356.51
Poly(oxydipentamethylene 5-oxatetradecanediamide),118.0,412.61
Poly(oxydipentamethylene 5-oxaundecanediamide),108.0,370.53
Poly(oxydipentamethylene 6-oxadodecanediamide),100.0,384.56
Poly(oxydipentamethylene 6-oxaheptadecanediamide),128.0,454.7
Poly(oxydipentamethylene 6-oxapentadecanediamide),117.0,426.64
Poly(oxydipentamethylene 6-oxatridecanediamide),106.0,398.59
Poly(oxydipentamethylene oxydibutyramide),138.0,342.48
Poly(oxydipentamethylene oxydicaproamide),128.0,398.59
Poly(oxydipentamethylene oxydienanthamide),129.0,426.64
Poly(oxydipentamethylene oxydipelargonamide),129.0,482.75
Poly(oxydipentamethylene oxydivaleramide),134.0,370.53
Poly(oxyditetramethylene hexamethylenediurethane),124.0,330.42
Poly(oxyditrimethylene adipamide),201.5,242.32
Poly(oxyditrimethylene terephthalamide),281.0,262.31
Poly(p-chloro-styrene),232.0,138.6
Poly(p-fluoro-styrene),322.0,122.14
"Poly(p-phenylene 1,4-piperazinedipropionate)",189.0,304.35
Poly(p-phenylene azelamide),345.0,260.34
Poly(p-phenylene azelate),135.0,262.31
"Poly(p-phenylene cyclobutylenedicarboxylic acid) dicyano-, dibutyl ester",330.0,380.44
"Poly(p-phenylene cyclobutylenedicarboxylic acid) dicyano-, diethyl ester",340.0,324.34
"Poly(p-phenylene cyclobutylenedicarboxylic acid) dicyano-, diisopropyl ester",320.0,352.39
"Poly(p-phenylene cyclobutylenedicarboxylic acid) dicyano-, dimethyl ester",290.0,296.28
Poly(p-phenylene cyclobutylenedicarboxylic acid) diisopropyl ester,320.0,302.37
Poly(p-phenylene hexamethylenediurethane),150.0,278.31
Poly(p-phenylene malonate),233.0,178.14
Poly(p-phenylene succinate),300.0,192.17
Poly(p-phenylene sulfonate),276.0,156.16
Poly(p-phenylenediacetic anhydride),122.0,176.17
Poly(p-phenylenediethylene adipamide),310.0,274.36
Poly(p-phenylenediethylene azelamide),270.0,316.44
Poly(p-phenylenediethylene docosanediamide),230.0,498.8
Poly(p-phenylenediethylene dodecanediamide),280.0,358.53
Poly(p-phenylenediethylene heptadecanediamide),249.0,428.66
Poly(p-phenylenediethylene hexadecanediamide),258.0,414.63
Poly(p-phenylenediethylene m-phenylenediacetamide),222.0,322.41
Poly(p-phenylenediethylene octadecanediamide),248.0,442.69
Poly(p-phenylenediethylene octamethylenediurethane),212.0,362.47
Poly(p-phenylenediethylene pentadecanediamide),248.0,400.61
Poly(p-phenylenediethylene sebacamide),290.0,330.47
Poly(p-phenylenediethylene terephthalate),330.0,296.32
Poly(p-phenylenediethylene tetradecanediamide),267.0,386.58
Poly(p-phenylenediethylene thiodicaproamide),251.0,390.58
Poly(p-phenylenediethylene thiodienanthamide),234.0,418.64
Poly(p-phenylenediethylene thiodipelargonamide),222.0,474.75
Poly(p-phenylenediethylene thiodiundecanoamide),207.0,530.86
Poly(p-phenylenediethylene thiodivaleramide),252.0,362.53
Poly(p-phenylenediethylene tridecanediamide),262.0,372.55
Poly(p-phenylenediethylene undecandiamide),275.0,344.5
Poly(p-phenylenedipentamethylene terephthalate),116.0,380.48
Poly(p-phenylenedipropionic anhydride),92.0,204.22
Poly(p-phenyleneditetramethylene terephthalate),218.5,352.43
Poly(p-phenyleneditrimethylene hexamethylenediurethane),199.0,362.47
Poly(p-phenyleneditrimethylene terephthalate),162.0,324.38
Poly(p-phenyleneoxytrimethylene oxide),166.0,150.18
Poly(p-sulfonylphenylene sebacamide),117.0,338.42
Poly(p-tert-butyl-styrene),310.0,160.26
Poly(p-tert-butyl-vinyl benzoate),327.0,204.27
Poly(p-trifluoroacetyl-styrene),178.0,200.16
Poly(p-xylylene 5-oxadodecanediamide),200.0,332.44
Poly(p-xylylene 5-oxahexadecanediamide),220.0,388.55
Poly(p-xylylene 5-oxasebacamide),234.0,304.39
Poly(p-xylylene 5-oxatetradecanediamide),215.0,360.5
Poly(p-xylylene 5-oxaundecanediamide),190.0,318.42
Poly(p-xylylene 6-oxadodecanediamide),206.0,332.44
Poly(p-xylylene 6-oxaheptadecanediamide),223.0,402.58
Poly(p-xylylene 6-oxapentadecanediamide),217.0,374.52
Poly(p-xylylene 6-oxatridecanediamide),207.0,346.47
Poly(p-xylylene adipamide),336.5,246.31
Poly(p-xylylene adipate),77.0,248.28
Poly(p-xylylene azelamide),272.5,288.39
Poly(p-xylylene azelate),70.66666666666667,290.36
Poly(p-xylylene carbonate),185.0,164.16
Poly(p-xylylene disulfide),175.0,168.27
"Poly(p-xylylene dithiol-4,4'-methylenedibenzoate)",274.0,390.52
Poly(p-xylylene dithioladipate),170.0,280.41
Poly(p-xylylene dithiolisophthalate),210.0,300.4
Poly(p-xylylene docosanediamide),232.5,470.74
Poly(p-xylylene dodecanediamide),271.0,330.47
Poly(p-xylylene dodecanedioate),94.0,332.44
Poly(p-xylylene glutaramide),280.0,232.28
Poly(p-xylylene glutarate),58.0,206.2
Poly(p-xylylene heptadecanediamide),239.0,400.61
Poly(p-xylylene hexadecanediamide),248.0,386.58
Poly(p-xylylene isophthalamide),290.0,266.3
Poly(p-xylylene isophthalate),100.0,268.27
Poly(p-xylylene malonamide),110.0,204.23
Poly(p-xylylene octadecanediamide),238.5,414.63
Poly(p-xylylene oxalate),214.0,164.12
Poly(p-xylylene oxydibutyramide),242.0,290.36
Poly(p-xylylene oxydicaproamide),234.0,346.47
Poly(p-xylylene oxydienanthamide),229.0,374.52
Poly(p-xylylene oxydipelargonamide),215.0,430.63
Poly(p-xylylene oxydivaleramide),243.0,318.42
Poly(p-xylylene p-phenylenediacetate),146.0,296.32
Poly(p-xylylene pentadecanediamide),241.0,372.55
Poly(p-xylylene phthalamide),230.0,266.3
Poly(p-xylylene pimelamide),284.0,260.34
Poly(p-xylylene pimelate),66.5,262.3
Poly(p-xylylene sebacate),88.33333333333333,304.39
Poly(p-xylylene suberamide),305.0,274.36
Poly(p-xylylene suberate),82.0,276.33
Poly(p-xylylene succinate),115.0,220.22
Poly(p-xylylene terephthalate),254.5,268.27
Poly(p-xylylene tetradecanediamide),257.0,358.53
Poly(p-xylylene thiodicaproamide),236.0,362.53
Poly(p-xylylene thiodienanthamide),228.0,390.58
Poly(p-xylylene thiodipelargonamide),214.0,446.69
Poly(p-xylylene thiodiundecanoamide),200.0,502.8
Poly(p-xylylene thiodivaleramide),242.0,334.48
Poly(p-xylylene tridecanediamide),247.0,344.5
Poly(p-xylylene undecanediamide),264.0,316.44
Poly(p-xylyleneoctamethylenediurethane),168.0,334.42
Poly(pentadecyl-hexamethylene malonamide) (diacid),164.0,394.64
Poly(pentamethylene (tetramethylenedithio)-diethylene-diurethane],95.0,364.52
"Poly(pentamethylene 2,5-tetrahydrofurandipropionamide)",153.0,282.38
"Poly(pentamethylene 3,3'-dibenzoate)",60.0,310.35
"Poly(pentamethylene 4,4'-dibenzoate)",170.0,310.35
"Poly(pentamethylene 4,4'-oxydibenzoate)",70.0,326.35
"Poly(pentamethylene N,N'-ethylenbediterephthalamate)",312.0,424.45
"Poly(pentamethylene N,N'-hexamethylenediterephthalamate)",255.0,480.56
"Poly(pentamethylene N,N'-pentamethylenediterephthalamate)",198.0,466.53
"Poly(pentamethylene N,N'-tetramethylenediterephthalamate)",284.0,452.51
"Poly(pentamethylene N,N'-trimethylenediterephthalamate)",235.0,438.48
Poly(pentamethylene adipamide),239.25,212.29
Poly(pentamethylene adipamide-alt-pentamethylene oxamide),281.0,368.48
Poly(pentamethylene azelamide-alt-pentamethylene oxamide),268.0,410.56
Poly(pentamethylene cyclopropylenediurethane),170.0,228.25
Poly(pentamethylene dithiolisophthalate),175.0,266.38
Poly(pentamethylene dithiolterephthalate),232.0,266.38
Poly(pentamethylene dodecanedioate),60.0,298.42
Poly(pentamethylene isophthalate),82.0,234.25
Poly(pentamethylene m-carboxycarbanilate),80.0,249.27
Poly(pentamethylene m-phenylenedisulfonamide),160.0,304.38
Poly(pentamethylene octadecanediamide),167.0,380.62
Poly(pentamethylene oxalate),54.0,158.15
Poly(pentamethylene oxamide-alt-pentamethylene pimelamide),273.0,382.5
Poly(pentamethylene oxamide-alt-pentamethylene sebacamide),258.0,424.58
Poly(pentamethylene oxamide-alt-pentamethylene suberamide),273.0,396.53
Poly(pentamethylene oxydiacetamide),130.0,200.24
Poly(pentamethylene p-carboxycarbanilate),160.0,249.27
Poly(pentamethylene sebacamide),195.0,268.4
Poly(pentamethylene sebacate),54.0,270.37
Poly(pentamethylene sebacoyldiurea),205.0,354.45
Poly(pentamethylene suberamide),202.0,240.35
Poly(pentamethylene sulfonyldivalerate),86.0,334.43
Poly(pentamethylene tetradecanediamide),178.0,324.51
Poly(pentamethylene tridecanediamide),176.0,310.48
Poly(pentamethylene undecamethylenediurethane),123.0,342.48
Poly(pentamethylene undecanediamide),176.0,282.43
Poly(pentamethyleneoxy-p-phenylene oxide),164.0,178.23
Poly(pentamethylenethiotetramethylene sulfide),67.0,190.37
Poly(pentyl-hexamethylene malonamide) (diacid),151.0,254.37
"Poly(phenyl-4,4'-ethylidenediphenylene carbonate)",230.0,316.36
"Poly(phenyl-4,4'-methylenediphenylene carbonate)",215.0,302.33
Poly(pimelic anhydride),55.0,142.15
"Poly(piperazine 1,4-piperazinedipropionamide)",270.0,280.37
Poly(piperazine azelamide),148.0,238.33
Poly(piperazine isophthalamide),340.0,216.24
Poly(piperazine oxydiacetamide),258.0,184.2
Poly(piperazine phthalamide),325.0,216.24
Poly(piperazine suberamide),300.0,224.3
Poly(propyl-hexamethylene malonamide) (diacid),163.0,226.32
"Poly(propylene 4,4'-sulfonyldibenzamide)",335.0,344.38
Poly(propylene oxalate),180.0,130.1
Poly(propylidene),90.0,42.08
Poly(sebacic anhydride),81.0,184.24
Poly(sebacoyl dithionisophthaloyldihydrazide),294.0,392.54
Poly(styrene oxide),150.33333333333334,120.15000000000002
Poly(styrene sulfone),215.0,168.21
Poly(styrene),240.0,132.21
Poly(suberic anhydride),66.0,156.18
Poly(sulfonyldipropionic anhydride),237.0,192.18
Poly(terephthalaldehyde),180.0,134.13
Poly(terephthaloyl dithionisophthaloyldihydrazide),309.0,356.42
"Poly(tetradecamethylene N,N'-ethylenediterephthalamate)",249.0,550.7
"Poly(tetradecamethylene N,N'-hexamethylenediterephthalamate)",222.0,606.8
"Poly(tetradecamethylene N,N'-pentamethylenediterephthalamate)",200.0,592.78
"Poly(tetradecamethylene N,N'-tetramethylenediterephthalamate)",248.0,578.75
"Poly(tetradecamethylene N,N'-trimethylenediterephthalamate)",208.0,564.72
Poly(tetradecamethylene docosanediamide),153.0,562.97
Poly(tetradecamethylene dodecanediamide),175.0,422.7
Poly(tetradecamethylene octadecanediamide),158.0,506.36
Poly(tetradecamethylene p-phenylenediacetamide),235.0,386.58
Poly(tetradecamethylene p-phenylenedipropionamide),246.0,414.63
Poly(tetradecamethylene p-xylylenediurea),248.0,416.61
Poly(tetradecamethylene sebacamide),175.0,394.64
Poly(tetradecamethylene terephthalamide),265.0,358.53
Poly(tetradecanedioic anhydride),91.0,240.34
Poly(tetradecyl-hexamethylene malonamide) (diacid),150.0,380.62
"Poly(tetramethylene 1,4-cyclohexylenediurethane)",260.0,256.3
"Poly(tetramethylene 2,5-tetrahydrofurandipropionamide)",210.0,268.36
"Poly(tetramethylene 3,3'-dibenzoate)",66.0,296.32
"Poly(tetramethylene 4,4'-dibenzoate)",289.3333333333333,296.32
"Poly(tetramethylene 4,4'-propylenedibenzamide)",180.0,336.44
"Poly(tetramethylene N,N'-hexamethylenediterephthalamate)",300.0,466.53
"Poly(tetramethylene N,N'-trimethylenediterephthalamate)",193.0,424.45
Poly(tetramethylene adipamide-alt-tetramethylene oxamide),325.0,340.42
Poly(tetramethylene azelamide-alt-tetramethylene oxamide),300.0,382.5
Poly(tetramethylene azelate),51.0,242.32
Poly(tetramethylene carbonate),59.0,116.12
Poly(tetramethylene cyclopropylenediurethane),180.0,214.22
Poly(tetramethylene dithiodicarboxylate),115.0,208.25
Poly(tetramethylene dithioladipate),128.0,232.36
Poly(tetramethylene dithiolisophthalate),174.0,252.35
Poly(tetramethylene dithiolsebacate),98.0,288.47
Poly(tetramethylene dithiolterephthalate),310.0,252.35
Poly(tetramethylene dithionisophthalate),118.0,252.35
Poly(tetramethylene dodecanediamide),245.0,282.43
Poly(tetramethylene isophthalamide),262.0,218.26
Poly(tetramethylene m-carboxycarbanilate),60.0,235.24
Poly(tetramethylene m-phenylenedisulfonamide),215.0,290.35
Poly(tetramethylene nonamethylenediurethane),140.0,300.4
Poly(tetramethylene octamethylenediurethane),160.0,286.37
Poly(tetramethylene oxalate),105.0,144.13
Poly(tetramethylene oxamide-alt-tetramethylene pimelamide),301.0,354.45
Poly(tetramethylene oxamide-alt-tetramethylene sebacamide),290.0,396.53
Poly(tetramethylene oxamide-alt-tetramethylene suberamide),310.0,368.48
Poly(tetramethylene oxydiacetate),70.0,188.18
Poly(tetramethylene p-carboxycarbanilate),186.0,235.24
Poly(tetramethylene p-phenylenediacetate),63.0,248.28
Poly(tetramethylene p-xylylenediurethane),227.0,278.31
Poly(tetramethylene pentamethylenediurethane),159.0,244.29
Poly(tetramethylene pimelamide),235.5,212.29
Poly(tetramethylene sebacamide),246.5,254.33
Poly(tetramethylene suberamide),250.0,226.32
Poly(tetramethylene suberate),56.0,228.29
Poly(tetramethylene sulfone),185.5,120.17
Poly(tetramethylene sulfonyldivalerate),88.0,320.4
Poly(tetramethylene tetramethylenediurethane),193.0,230.26
Poly(tetramethylene tetrathiodicarboxylate},92.0,272.37
Poly(tetramethylene thiodicarboxylate),90.0,176.19
Poly(tetramethylene thioditrimethylenediurethane),133.0,290.38
Poly(tetramethylene thiourea),213.0,130.21
Poly(tetramethylene trithiodicarboxylate),66.0,240.31
Poly(tetramethylene undecamethylenediurethane),146.0,328.45
Poly(tetramethylene undecanediamide),208.0,268.4
Poly(tetramethylenedithiotrimethylene disulfide),53.0,226.43
Poly(tetramethylenethiotrimethylene sulfide),64.0,162.32
Poly(tetramethylethylene oxide),300.0,100.16
Poly(thiodiethylene dithioladipate),70.0,264.43
Poly(thiodiethylene dithiolterephthalate),146.0,284.42
Poly(thiodiethylene hexamethylenediurethane),134.0,290.38
Poly(thiodipropionic anhydride),55.0,160.19
Poly(thioditetramethylene hexamethylenediurethane),125.0,346.49
"Poly(trans-1,2-dichloro-pentamethylene",75.0,139.02
"Poly(trans-1,2-dichloroheptamethylene)",53.0,167.08
"Poly(trans-1,2-dichloromethylethylene oxide)",145.0,141.0
"Poly(trans-1,3-cyclohexylene adipamide)",300.0,224.3
"Poly(trans-1,3-cyclohexylene azelamide)",300.0,266.38
"Poly(trans-1,3-cyclohexylene sebacamide)",290.0,280.41
"Poly(trans-1,4-cyclohexylene dithiolsuccinate)",302.0,230.35
"Poly(trans-1,4-cyclohexylene octamethylenediurethane)",243.66666666666666,312.41
"Poly(trans-1,4-cyclohexylene suberate)",181.0,254.33
"Poly(trans-1,4-cyclohexylenedimethylene 2,6-naphthalate)",341.0,324.38
"Poly(trans-1,4-cyclohexylenedimethylene adipamide)",344.6666666666667,252.36
"Poly(trans-1,4-cyclohexylenedimethylene azelamide)",275.0,294.44
"Poly(trans-1,4-cyclohexylenedimethylene dithiol-trans-1,4-cyclohexylenedicarboxylate)",310.0,312.49
"Poly(trans-1,4-cyclohexylenedimethylene dodecanediamide)",279.0,336.52
"Poly(trans-1,4-cyclohexylenedimethylene dodecanedioate)",85.0,338.49
"Poly(trans-1,4-cyclohexylenedimethylene glutaramide)",290.0,238.33
"Poly(trans-1,4-cyclohexylenedimethylene isophthalamide)",310.0,272.35
"Poly(trans-1,4-cyclohexylenedimethylene isophthalate)",197.0,274.32
"Poly(trans-1,4-cyclohexylenedimethylene octamethylenediurethane)",160.0,340.46
"Poly(trans-1,4-cyclohexylenedimethylene oxalate)",215.0,198.22
"Poly(trans-1,4-cyclohexylenedimethylene pimelamide)",293.0,266.38
"Poly(trans-1,4-cyclohexylenedimethylene sebacamide)",296.0,308.47
"Poly(trans-1,4-cyclohexylenedimethylene sebacate)",78.0,310.43
"Poly(trans-1,4-cyclohexylenedimethylene suberamide)",311.0,280.41
"Poly(trans-1,4-cyclohexylenedimethylene suberate)",96.0,282.38
"Poly(trans-1,4-cyclohexylenedimethylene trans-1,4-cyclohexylenedicarboxylate)",246.0,280.36
"Poly(trans-1,4-cyclohexylenedimethylene)-oxymethylene oxide)",82.0,156.22
"Poly(trans-1,4-cyclohexyleneoxymethylene oxide)",209.0,128.17
"Poly(trans-1,4-dioxanylene-2,5-dimethylene adipamide)",291.0,256.3
"Poly(trans-1,4-dioxanylene-2,5-dimethylene sebacamide)",262.0,312.41
Poly(trans-1-butoxy-2-methylethylene),100.0,114.19
Poly(trans-1-ethoxy-2-methoxyethylene),217.0,102.13
Poly(trans-1-ethoxy-2-methylethylene),236.5,86.13
Poly(trans-1-isopropoxy-2-methylethylene),211.0,100.16
"Poly(trans-1-methyl-4,4'-isopropylidenediphenylene cyclopropylene-dicarboxylate) (diacid)",90.0,336.39
Poly(trans-1-methyl-piperazine cyclopropylenedicarboxamide) (diacid),130.0,194.23
"Poly(trans-2,3-dimethyl-decamethylene fumaramide) (diacid)",267.0,280.41
Poly(trans-2-butene sulfide),177.0,256.3
"Poly(trans-3-methyl-4,4'-isopropylidenediphenylene cyclopropylene-dicarboxylate) (diacid)",130.0,336.39
"Poly(trans-4,4'-isopropylidenediphenylene cyclopropylene-dicarboxylate)",180.0,322.36
Poly(trans-cyclopropylenedimethylene cyclopropylenediurethane),210.0,226.23
Poly(trans-cyclopropylenedimethylene hexamethylenediurethane),165.0,270.33
Poly(trans-cyclopropylenedimethylene piperazinediurethane),100.0,240.26
Poly(trans-cyclopropylenedimethylene toluylenediurethane),200.0,276.29
"Poly(trans-ethylene 1,4-cyclohexylenedicarboxylate)",120.0,198.22
Poly(trans-heptamethylene 4-octenediamide),261.0,266.38
Poly(trans-m-phenylene cyclopropylenedi(carboxylate)),105.0,204.18
Poly(trans-nonamethylene 4-octenediamide),248.0,294.44
Poly(trans-octamethylene 4-octenediamide),256.0,280.41
Poly(trans-p-phenylene cyclopropylenedicarboxylate),280.0,204.18
"Poly(trans-p-xylylene 1,4-cyclohexylenedicarboxylate)",106.0,274.32
Poly(trans-pentamethylene 4-octenediamide),258.0,238.33
Poly(trans-piperazine cyclopropylenedicarboxamide),330.0,180.21
"Poly(trans-trimethylene 1,4-cyclohexylenedicarboxylate)",110.0,212.24
Poly(trans-trimethylene 4-octenediamide),271.0,210.28
Poly(trans-trimethylene cyclopropylenedicarboxamide),310.0,168.2
"Poly(tridecamethylene N,N'-ethylenediterephthalamate)",257.0,536.67
"Poly(tridecamethylene N,N'-hexamethylenediterephthalamate)",222.0,592.78
"Poly(tridecamethylene N,N'-pentamethylenediterephthalamate)",194.0,578.75
"Poly(tridecamethylene N,N'-tetramethylenediterephthalamate)",248.0,564.72
"Poly(tridecamethylene N,N'-trimethylenediterephthalamate)",206.0,550.7
Poly(tridecanedioic anhydride),78.0,226.32
Poly(tridecyl-hexamethylene malonamide) (diacid),133.0,366.59
"Poly(trimethylene 2,2'-dibenzoate)",78.0,282.3
"Poly(trimethylene 3,3'-dibenzoate)",78.0,282.3
"Poly(trimethylene 4,4'-dibenzoate)",249.0,282.3
"Poly(trimethylene 4,4'-oxydibenzoate)",90.0,298.3
"Poly(trimethylene 4,4'-sulfonyldibenzamide)",298.0,344.38
"Poly(trimethylene N,N'-trimethylenediterephthalamate)",235.0,410.43
Poly(trimethylene adipamide-alt-trimethylene oxamide),303.0,312.37
Poly(trimethylene amine),126.0,57.1
Poly(trimethylene azelamide-alt-trimethylene oxamide),290.0,354.45
Poly(trimethylene cyclopropylenediurethane),170.0,200.19
Poly(trimethylene disulfide),77.5,106.2
Poly(trimethylene isophthalate),132.0,206.2
Poly(trimethylene m-phenylenedisulfonamide),157.0,276.33
Poly(trimethylene oxalate),87.66666666666667,130.1
Poly(trimethylene oxamide-alt-trimethylene sebacamide),276.0,368.48
Poly(trimethylene oxamide-alt-trimethylene suberamide),295.0,340.42
Poly(trimethylene p-phenylenediacetate),58.0,234.25
Poly(trimethylene sulfone),300.0,106.14
Poly(trimethylene tetradecanedioate),66.0,298.42
Poly(trimethylene-p-oxybenzoate),198.0,178.19
"Poly(undecamethylene N,N'-ethylenediterephthalamate)",251.0,508.61
"Poly(undecamethylene N,N'-hexamethylenediterephthalamate)",217.0,564.72
"Poly(undecamethylene N,N'-pentamethylenediterephthalamate)",199.0,550.7
"Poly(undecamethylene N,N'-tetramethylenediterephthalamate)",248.0,536.67
"Poly(undecamethylene N,N'-trimethylenediterephthalamate)",198.0,522.64
Poly(undecamethylene adipamide),218.0,296.46
Poly(undecamethylene oxamide-alt-undecamethylene sebacamide),221.0,592.91
Poly(undecamethylene sebacamide),169.0,352.56
Poly(undecamethylene terephthalamide),292.0,316.44
Poly(undecanedioic anhydride),70.0,198.26
Poly(undecyl-hexamethylene malonamide) (diacid),133.0,338.54
Poly(valeraldehyde),155.0,86.13
Poly(vinyl stearate),54.666666666666664,310.52
Poly(vinyl-t-butyl ketone),195.0,112.17
Poly(vinylcyclohexyl ketone),240.0,138.21
Poly(vinylisopropyl ketone),220.0,98.14
"Poly(α,α,α',α'',α'',α''-hexafluoro-poly-trimethylenebiphenylene)",155.0,302.2
Poly(α-methyl- p-isopropyl-styrene),203.0,160.26
"Poly(α-methyl-4,4'-stilbenediyloxyheptamethylene oxide)",93.0,322.45
"Poly(α-methyl-4,4'-stilbenediyloxyhexamethylene oxide)",166.0,308.42
"Poly(α-methyl-4,4'-stilbenediyloxymethylene oxide)",254.0,238.29
"Poly(α-methyl-4,4'-stilbenediyloxyoctamethylene oxide)",114.0,336.48
"Poly(α-methyl-4,4'-stilbenediyloxypentamethylene oxide)",116.0,294.4
"Poly(α-methyl-4,4'-stilbenediyloxytetramethylene oxide)",182.0,280.37
"Poly(α-methyl-4,4'-stilbenediyltrimethylene oxide)",128.0,266.34
Poly(β-nitro-styrene),285.0,149.15
"Poly[(1,4-cyclohexylenedioxy)-ditrimethylene (p-phenylenedioxy)-diacetamide]",160.0,420.51
"Poly[(1,4-cyclohexylenedioxy)-ditrimethylene 4,4'-(ethylenedioxy)-dibenzamide]",250.0,496.6
"Poly[(1,4-cyclohexylenedioxy)-ditrimethylene 4,4'-(hexamethylenedioxy)-dibenzamide]",215.0,552.71
"Poly[(1,4-cyclohexylenedioxy)-ditrimethylene 4,4'-(oxydiethylenedioxy)-dibenzamide]",125.0,540.66
"Poly[(1,4-cyclohexylenedioxy)-ditrimethylene 4,4'-(tetramethylenedioxy)-dibenzamide]",224.0,524.66
"Poly[(1,4-cyclohexylenedioxy)-ditrimethylene adipamide]",196.0,340.46
"Poly[(1,4-cyclohexylenedioxy)-ditrimethylene oxamide]",246.0,284.36
"Poly[(4,4'-isopropylidenediphenylenedioxy)-diacetic 4-pyridinedicarboxylic anhydride]",120.0,475.45
"Poly[(4,4'-isopropylidenediphenylenedioxy)-diacetic anhydride]",202.0,326.35
"Poly[(4,4'-isopropylidenediphenylenedioxy)-diacetic terephthalic anhydride]",270.0,474.47
"Poly[(4,4'-isoproylidenediphenylenedioxy)-diacetic p-phenylenedioxydiacetic anhydride]",230.0,502.52
"Poly[(4,4'-trimethylenedipiperidinediyl)-dicarbamoyldithio-tetramethylene disulfide]",150.0,448.72
Poly[(decamethylenedioxy)-dihexamethylene oxide],68.0,356.59
"Poly[(ethylenedioxy)-diethylene 1,4-piperazinediacetamide]",115.0,314.39
"Poly[(ethylenedioxy)-diethylene 4,4'-dibenzoate]",93.0,356.37
Poly[(ethylenedioxy)-diethylene 6-hydroxyundecanediamide] (diacid),156.0,344.45
Poly[(ethylenedioxy)-diethylene adipamide],175.0,258.32
Poly[(ethylenedioxy)-diethylene isophthalate],65.0,280.28
Poly[(ethylenedioxy)-diethylene terephthalate],65.0,280.28
Poly[(ethylenedioxy)-ditrimethylene adipamide],180.0,286.37
Poly[(ethylenedioxy)-ditrimethylene azelamide],130.0,328.45
Poly[(ethylenedioxy)-ditrimethylene sebacamide],160.0,342.48
Poly[(ethylenedioxy)-ditrimethylene terephthalamide],240.0,306.36
Poly[(ethylenedisulfonyl)-diacetic anhydride],185.0,256.24
Poly[(ethylenedisulfonyl)-dipropionic anhydride],255.0,284.3
Poly[(ethylenedithio)-diacetic anhydride],83.0,192.25
Poly[(ethylenedithio)-dipropionic anhydride],75.0,220.3
Poly[(m-phenylenedioxy)-diacetic anhydride],130.0,208.17
Poly[(oxydiethylene)-dioxydibenzoic anhydride],190.0,328.32
Poly[(oxydiethylene)-oxy-p-phenylene oxide],136.0,180.2
Poly[(oxydimethylenedioxy)-dibenzoic anhydride],192.0,300.27
Poly[(p-hydroxyphenylene)-acetic acid],280.0,134.13
"Poly[(p-phenylenedioxy)-diacetic 3,4-pyridinedicarboxylic anhydride]",312.0,357.27
"Poly[(p-phenylenedioxy)-diacetic 4,4'-(trimethylenedioxy)-dibenzoic anhydride]",260.0,506.46
Poly[(p-phenylenedioxy)-diacetic anhydride],156.66666666666666,208.17
Poly[(p-phenylenedioxy)-diacetic terephthalic anhydride],324.0,356.29
Poly[(p-phenylenedioxy)-diethylene octamethylenediurethane],212.0,394.47
Poly[(p-phenylenedithio)-dipropionic anhydride],55.0,268.34
Poly[(p-xylylenedisulfonyl)-diacetic anhydride],170.0,332.34
Poly[(p-xylylenedisulfonyl)-dipropionic anhydride],260.0,360.4
Poly[(p-xylylenedithio)-diacetic anhydride],87.5,268.34
Poly[(p-xylylenedithio)-dipropionic anhydride],73.0,296.4
Poly[(pentamethylenedioxy)-didecamethylene oxide],72.0,398.67
Poly[(piperazinedicarbamoyl)-dithiohexamethylene disulfide],196.0,352.54
Poly[(piperazinedicarbamoyl)-dithiotetramethylene disulfide],204.0,324.49
Poly[(tetramethylenedioxy)-didecamethylene oxide],73.0,384.64
Poly[(tetramethyleneoxy)-ditrimethylene oxamide],163.5,258.32
"Poly[1,1,5,5-tetrahydro-4,4'-perfluorodiphenyleneoxyperfluoropentamethylene oxide) (pentamethylene)",145.0,506.19
"Poly[1-ethyl-2-propyl-trimethylene 4,4'-(methylenediphenylene)-diurethane] (diol)",140.0,396.49
"Poly[2,2'-(isophthaloyldiamino)-dibenzoic terephthalic anhydride]",264.0,534.48
"Poly[2,2-diethyl-trimethylene 4,4'-(methylenediphenylene)-diurethane] (diol)",150.0,382.46
"Poly[2,4-dimethyl-4,4'-(3,3-pentylidene)-diphenylene carbonate]",220.0,310.39
"Poly[2,4-hexadiyne (4,4'-methylenediphenylene)-diurethane]",150.0,360.37
"Poly[2,5-dimethyl-isopropylidenedimethylene (1,4-piperazinedithio)-dicarboxylate]",135.0,334.45
"Poly[2,5-dimethyl-tetramethylene (1,4-piperazinedithio)-dicarboxylate]",113.0,322.44
"Poly[2-butyl-2-ethyl-trimethylene 4,4'-(methylenediphenylene)-diurethane] (diol)",120.0,410.51
"Poly[3,3'-(4,4'-methylenediphenylene-N,N'-disuccinimidediyl)-imino-4,4'- methylenediphenylene amine]",295.0,556.62
"Poly[3,3'-(decamethylenedioxy)-diphenylene terephthalate]",108.0,488.58
"Poly[3,3'-(ethylenedioxy)-dibenzoic anhydride]",237.0,284.27
"Poly[3,3'-(pentamethylenedioxy)-dibenzoic anhydride]",176.0,326.35
"Poly[3,3'-(tetramethylenedioxy)-dibenzoic anhydride]",199.0,312.32
"Poly[3,3'-(trimethylenedioxy)-dibenzoic anhydride]",197.0,298.29
"Poly[3,3'-dimethoxy-4,4'-(ethylenedioxy)-dibenzoic anhydride]",220.0,344.32
"Poly[3,3'-dimethoxy-4,4'-(methylenedioxy)-dibenzoic terephthalic anhydride]",267.0,478.41
"Poly[3,3'-dimethoxy-4,4'-(tetramethylenedioxy)-dibenzoic anhydride]",172.0,372.37
"Poly[3,3'-dimethoxy-4,4'-(trimethylenedioxy)-dibenzoic anhydride]",175.0,358.35
"Poly[3,3'-dimethyl- N,N'-diethyl-hexamethylene 4,4'-(methylenediphenylene)-diurea]",120.0,450.63
"Poly[3,3'-dimethyl- N,N'-dipropyl-hexamethylene 4,4'-(methylenediphenylene)-diurea]",90.0,478.68
"Poly[3,3'-dimethyl-hexamethylene 4,4'-(methylenediphenylene)-diurea]",290.0,394.52
Poly[3-bromo-p-(carboxyphenoxy)-acetic anhydride],179.0,257.04
"Poly[4,4'''-(4',4''-(decamethylenedioxy)-diphenylenedioxy)-diphenylene terephthalate]",242.0,672.78
"Poly[4,4'-(2,2'-ethylenedithiazole)-p-phenylene]",265.0,270.37
"Poly[4,4'-(2,2'-m-phenylenedithiazole)-oxy-p-diphenylene]",340.0,410.51
"Poly[4,4'-(2,2'-octamethylenedithiazole)-p-phenylene]",164.0,354.53
"Poly[4,4'-(2,2'-tetramethylenedithiazole)-p-phenylene]",250.0,298.42
"Poly[4,4'-(2,2-butylidene)-diphenylene carbonate]",222.0,268.31
"Poly[4,4'-(2,2-hexylidene)-diphenylene carbonate]",200.0,296.36
"Poly[4,4'-(2,2-nonylidene)-diphenylene carbonate]",190.0,338.47
"Poly[4,4'-(2,2-pentylidene)-diphenylene carbonate]",220.0,282.34
"Poly[4,4'-(3,3-pentylidene)-diphenylene carbonate]",195.0,282.34
"Poly[4,4'-(decamethylenedioxy)-diphenylene terephthalate]",259.0,488.58
"Poly[4,4'-(decamethylenedioxy)-diphenyleneoxy-p-xylylene oxide]",211.0,460.62
"Poly[4,4'-(dodecamethylenedioxy)-diphenyleneoxy-p-xylylene oxide]",207.0,488.67
"Poly[4,4'-(ethylenedioxy)-dibenzoic anhydride]",215.0,284.27
"Poly[4,4'-(ethylenedioxy)-dibenzoic isophthalic anhydride]",140.0,432.38
"Poly[4,4'-(ethylenedioxy)-dibenzoic phthalic anhydride]",185.0,432.38
"Poly[4,4'-(ethylenedioxy)-dibenzoic terephthalic anhydride]",209.0,432.38
"Poly[4,4'-(heptamethylenedioxy)-diphenyleneoxy-p-xylylene oxide]",207.0,418.54
"Poly[4,4'-(methylenedioxy)-dibenzoic anhydride]",220.0,270.24
"Poly[4,4'-(methylenediphenylene)-diethylene sulfide]",108.0,254.39
"Poly[4,4'-(nonamethylenedioxy)-diphenyleneoxy-p-xylylene oxide]",200.0,446.59
"Poly[4,4'-(octamethylenedicarbonyl)-diphenylene carbonate]",175.0,380.44
"Poly[4,4'-(octamethylenedioxy)-diphenyleneoxy-p-xylylene oxide]",220.0,432.56
"Poly[4,4'-(p-phenylenedioxy)-diphenylene carbonate]",215.0,320.3
"Poly[4,4'-(pentamethylenedioxy)-dibenzoic anhydride]",188.0,326.35
"Poly[4,4'-(tetramethylenedicarbonyl)-diphenylene succinate]",242.0,380.4
"Poly[4,4'-(tetramethylenedioxy)-dibenzoic anhydride]",204.0,312.32
"Poly[4,4'-(tetramethylenedithio)-dibenzoic anhydride]",206.0,344.44
"Poly[4,4'-(trimethylenedioxy)-dibenzoic anhydride]",265.0,298.29
"Poly[4,4'-(undecamethylenedioxy)-diphenyleneoxy-p-xylylene oxide]",193.0,474.64
"Poly[4,4'-heptylidene)-diphenylene carbonate]",200.0,310.39
"Poly[4-methyl-4,4'-(2,2-pentylidene)-diphenylene carbonate]",220.0,296.37
"Poly[5-hydroxymethylene-5-methyl-2-(1,3-dioxane)-caprylic acid]",81.0,256.34
"Poly[N,N'-diisopropyl-, N,N'-dimethyl-ethylene (ethylenediamino)-dipropionamide]",102.0,340.51
"Poly[N,N'-diisopropyl-piperazine (ethylenediamino)-dipropionamide]",97.0,338.5
"Poly[N,N'-dimethyl-piperazine (ethylenediamino)-dipropionamide]",113.0,282.39
"Poly[Si-diethyl-dimethyl-4,4'-(silylenediphenylene)-dimethylene 4,4'-silylenedibenzamide] (diamine)",215.0,550.81
"Poly[Si-tetramethyl-tetraphenyl-4,4'-(silylenediphenylene)-dimethylene 4,4'-tetrasiloxanylenedibenzamide]",150.0,1001.5
"Poly[cis-cyclopropylenedimethylene 4,4'-(methylenediphenylene)-diurethane]",230.0,352.39
Poly[decamethylene (decamethylenedisulfonyl)-dicaproamide],207.0,634.98
Poly[decamethylene (hexamethylenedisulfonyl)-dicapromide],218.0,578.87
"Poly[decamethylene (methylene-2,5-furan)-dicarboxamide]",111.0,306.41
"Poly[decamethylene (methylene-2,5-tetrahydrofuran)-dicarboxamide]",85.0,310.44
Poly[decamethylene (p-phenylenedioxy)-diacetamide],188.0,362.47
Poly[decamethylene (pentamethylenedisulfonyl)-dicaproamide],223.0,564.84
Poly[decamethylene (tetramethylenedisulfonyl)-dicaproamide],236.0,550.81
"Poly[decamethylene 4,4'-(ethylenedioxy)-dibenzoate]",135.0,440.54
"Poly[decamethylene 4,4'-(ethylenediphenylene)-dioxydiacetamide]",220.0,466.62
"Poly[decamethylene 4,4'-(isopropylidenediphenylene)-dioxy-diacetamide]",105.0,480.65
"Poly[decamethylene N,N'-dodecanedioyldi(p-aminobenzoate)]",171.0,606.8
"Poly[decamethylene N,N'-terephthaloyldi(6-aminocaproate)]",166.0,530.71
"Poly[decamethylene N,N-adipolyldi(6-aminocaproate)]",137.0,510.72
Poly[decamethylene octadecamethylenediurea),172.0,508.84
Poly[decamethylene octamethylenediurea),201.0,368.57
Poly[decamethylene octamethylenediurethane),146.0,370.53
"Poly[dichloro-4,4'-(decamethylenedioxy)-diphenylene terephthalate] (diol)",160.0,557.47
"Poly[dimethyl-Si-tetramethyl-4,4'-(silylenediphenylene)-dimethylene 4,4'-disiloxanylenedibenzamide] (diamine)",165.0,608.96
"Poly[dodecamethylene N,N'-adipoyldi(6-aminocaproate)]",134.0,538.77
"Poly[dodecamethylene N,N'-dodecanedioyldi(p-aminobenzoate)]",167.0,634.86
"Poly[dodecamethylene N,N'-terephthaloyldi(6-aminocaproate)]",163.0,558.76
Poly[ethylene (ethylenedioxy)-diacetamide],168.0,202.21
Poly[ethylene (ethylenedithio)-diethylenediurethane],168.0,294.38
Poly[ethylene (hexamethylenedithio)-diethylene-diurethane],130.0,350.49
Poly[ethylene (pentamethylenedithio)-diethylenediurethane],126.0,336.46
Poly[ethylene (tetramethylenedithio)-diethylene-diurethane],126.0,322.44
"Poly[ethylene 2,4,8,10-tetraoxa-3,9-spiro(5.5)hendecane-dicaprylate]",85.0,470.6
"Poly[ethylene 3,3'-(ethylenedioxy)-dibenzoate]",141.0,328.32
"Poly[ethylene 3,3'-(tetramethylenedioxy)-dibenzoate]",100.0,356.37
"Poly[ethylene 3,3'-dimethoxy-4,4'-(ethylenedioxy)-dibenzoate]",210.0,388.37
"Poly[ethylene 3,3'-dimethoxy-4,4'-(oxydiethylene)-dioxydibenzoate]",118.0,432.42
"Poly[ethylene 3,3'-dimethoxy-4,4'-(tetramethylenedioxy)-dibenzoate]",117.0,416.43
"Poly[ethylene 3,3'-dimethoxy-4,4'-(trimethylenedioxy)-dibenzoate]",105.0,403.0
"Poly[ethylene 4,4'-(ethylenedioxydimethylene)-dibenzoate]",135.0,356.38
"Poly[ethylene 4,4'-(ethylenedithio)-dibenzoate]",190.0,360.44
"Poly[ethylene 4,4'-(pentamethylenedioxy)-dibenzoate]",150.0,370.4
"Poly[ethylene 4,4'-(tetramethylenedioxy)-dibenzoate]",252.0,356.37
"Poly[ethylene 4,4'-(tetramethylenediphenylene)-diurethane]",274.0,354.41
"Poly[ethylene 4,4'-(trimethylenedioxy)-dibenzoate]",190.0,342.35
"Poly[ethylene 4,4'-(trimethylenediphenylene)-diurethane]",207.0,340.38
"Poly[ethylene N,N'-adipoyldi(6-aminocaproate)]",163.0,398.5
"Poly[ethylene N,N'-dodecanedioyldi(p-aminobenzoate)]",242.0,494.59
"Poly[ethylene N,N'-terephthaloyldi(6-aminocaproate)]",204.0,418.49
Poly[ethylene p-(carboxyphenoxy)-acetate],140.0,222.2
Poly[ethylene p-(carboxyphenoxy)-butyrate],85.0,250.25
Poly[ethylene p-(carboxyphenoxy)-heptanoate],55.0,292.33
Poly[ethylene p-(carboxyphenoxy)-undecanoate],65.0,348.44
Poly[ethylene p-(carboxyphenoxy)-valerate],55.0,264.28
Poly[ethylene p-(carboxyphenylene)-acetamide],221.0,204.23
"Poly[hexamethylene (1,4-piperazinedithio)-dicarboxylate]",144.0,322.44
Poly[hexamethylene (hexamethylenedioxy)-dipropionamide],105.0,342.48
Poly[hexamethylene (hexamethylenedisulfonyl)-dicaproamide],222.0,522.76
Poly[hexamethylene (hexamethylenedithio)-diethylene-diurethane],106.0,406.6
"Poly[hexamethylene (methylene-2,5-furan)-dicarboxamide]",115.0,250.3
"Poly[hexamethylene (methylene-2,5-tetrahydrofuran)-dicarboxamide]",78.0,254.33
Poly[hexamethylene (p-methylenephenoxy)-diacetamide],223.0,304.39
Poly[hexamethylene (p-methylenephenylene)-diacetamide],204.0,283.39
Poly[hexamethylene (p-phenoxy)-diacetamide],133.0,290.36
Poly[hexamethylene (p-phenylenedioxy)-diacetamide],238.0,306.36
Poly[hexamethylene (pentamethylenedisulfonyl)-dicaproamide],226.0,508.73
Poly[hexamethylene (pentamethylenedithio)-diethylene-diurethane],98.0,392.57
Poly[hexamethylene (tetramethylenedioxy)-dipropionamide],110.0,314.43
Poly[hexamethylene (tetramethylenedisulfonyl)-dicaproamide],241.0,494.7
Poly[hexamethylene (tetramethylenedithio)-diethylene-diurethane],120.0,378.55
"Poly[hexamethylene 2,4,8,10-tetraoxa-3,9-spiro(5.5)hendecane-dicaprylamide]",186.0,524.74
"Poly[hexamethylene 4,4'-(hexamethylenedisulfonyl)-dibenzoate]",186.0,536.66
"Poly[hexamethylene 4,4'-(methylenediphenylene)-dioxy-diacetamide]",174.0,396.49
"Poly[hexamethylene 4,4'-(methylenediphenylene)-diurea]",250.0,366.46
"Poly[hexamethylene 4,4'-(oxydimethylene)-di-2-(1,3-dioxolane)-caprylamide]",145.0,554.77
"Poly[hexamethylene 4,4'-(oxydiphenylene)-dioxydiacetamide]",220.0,398.46
"Poly[hexamethylene 4,4'-(p-xylylenedisulfonyl)-dibutyrate]",196.0,488.61
"Poly[hexamethylene 4,4'-(sulfonyldimethylene)-dibenzoate]",252.0,416.49
"Poly[hexamethylene 4,4'-(trimethylenediphenylene)-dioxy-diacetamide]",80.0,424.54
"Poly[hexamethylene N,N'-adipoyldi(6-aminocaproate)]",147.0,454.61
"Poly[hexamethylene N,N'-p-xylylenediterephthalamate)",285.0,514.58
"Poly[hexamethylene N,N'-suberoyldi(p-aminobenzoate)]",250.0,494.59
"Poly[hexamethylene N,N'-terephthaloyldi(6-aminocaproate)]",177.0,474.6
Poly[hexamethylene p-(carboxyphenoxy)-caproate],60.0,334.41
Poly[hexamethylene p-(carboxyphenoxy)-undecanoate],72.0,404.55
Poly[hexamethylene p-(carboxyphenoxy)-valerate],60.0,320.38
Poly[hexamethylene p-(carboxyphenylene)-acetamide],227.0,260.34
Poly[hexamethylene(trimethylenedisulfonyl)-diimino-dicaproamide],185.0,446.59
"Poly[hexamethylenethio-4,4'-(methylenediphenylene)-diethylene sulfide]",88.0,370.61
"Poly[isophthalic (4,4'-isopropylidenediphenylenedioxy)-diacetic anhydride]",65.0,474.46
Poly[isophthalic (p-phenylenedioxy)-diacetic anhydride],297.0,356.29
"Poly[isophthalic 2,2'-(isophthaloyldiamino)-dibenzoic anhydride]",259.0,534.48
"Poly[isophthalic 2,2'-(terephthaloyldiamino)-dibenzoic anhydride]",291.0,534.48
"Poly[isophthalic 3,3'-dimethoxy-4,4'-(methylenedioxy)-dibenzoic anhydride]",228.0,478.41
"Poly[isophthalic 3,3'-dimethoxy-4,4'-(trimethylenedioxy)-dibenzoic anhydride]",216.0,506.46
"Poly[isophthalic 4,4'-(tetramethylenedioxy)-dibenzoic anhydride]",100.0,460.44
"Poly[isophthalic 4,4'-(trimethylenedioxy)-dibenzoic anhydride]",165.0,446.41
Poly[isophthaloyl (m-carboxyphenoxyacetyl)-dihydrazide],125.0,354.32
Poly[isophthaloyl (m-carboxyphenoxybutyryl)-dihydrazide],265.0,382.38
Poly[isophthaloyl (m-carboxyphenoxycapryl)-dihydrazide],249.0,410.43
Poly[isophthaloyl (m-carboxyphenoxypropionyl)-dihydrazide],238.0,368.35
"Poly[isopropylidenedimethylene, 4,4'-(methylenediphenylene)-diurethane]",190.0,354.41
Poly[m-(carboxyphenoxy)-acetic anhydride],134.0,178.14
"Poly[methyl-p-phenylene 4,4'-(ethylenedioxy)-dibenzoate] (diol)",316.0,390.39
"Poly[methyl-p-phenylene 4,4'-(tetramethylene dioxy)-dibenzoate] (diol)",212.0,418.45
"Poly[octamethylene N,N'-adipoyldi(6-aminocaproate)]",140.0,482.66
"Poly[octamethylene N,N'-dodecanedioyldi(p-aminobenzoate)]",188.0,578.75
"Poly[octamethylene N,N'-terephthaloyldi(6-aminocaproate)]",167.0,502.65
"Poly[p-phenylenediethylene 3,3'-(p-phenylene)-dipropionate]",219.0,352.43
Poly[pentamethylene (decamethylenedisulfonyl)-dicaproamide],202.0,564.84
Poly[pentamethylene (ethylenedithio)-diethylenediurethane],130.0,336.46
Poly[pentamethylene (hexamethylenedisulfonyl)-dicaproamide],210.0,508.73
Poly[pentamethylene (hexamethylenedithio)-diethylene-diurethane],94.0,392.57
Poly[pentamethylene (pentamethylenedisulfonyl)-dicaproamide],212.0,494.7
Poly[pentamethylene (pentamethylenedithio)-diethylene-diurethane],87.0,378.55
Poly[pentamethylene p-(carboxyphenylene)-acetamide],216.0,246.31
Poly[piperazine (ethylenedixoy)-diacetamide],165.0,228.25
Poly[piperazine (trimethylenedithio)-dipropionamide],100.0,302.45
"Poly[terephthalic 2,2'-(terephthaloyldiamino)-dibenzoic anhydride]",312.0,534.48
"Poly[terephthalic 3,3'-dimethoxy-4,4'-(trimethylenedioxy)-dibenzoic anhydride]",255.0,506.46
"Poly[terephthalic 4,4'-(tetramethylenedioxy)-dibenzoic anhydride]",215.0,460.44
"Poly[terephthalic 4,4'-(trimethylenedioxy)-dibenzoic anhydride]",285.0,446.41
Poly[terephthaloyl (m-carboxyphenoxyacetyl)-dihydrazide],218.0,354.32
"Poly[tetramethylene (1,4-piperazinedithio)-dicarboxylate]",188.0,294.38
Poly[tetramethylene (cyclopropylenedicarboxoyl)-diurethane],226.0,270.24
Poly[tetramethylene (decamethylenedisulfonyl)-dicapromide],219.0,550.81
Poly[tetramethylene (ethylenedithio)-diethylenediurethane],177.0,322.44
Poly[tetramethylene (hexamethylenedisulfonyl)-dicaproamide],228.0,494.7
Poly[tetramethylene (hexamethylenedithio)-diethylene-diurethane],117.0,378.55
Poly[tetramethylene (pentamethylenedisulfonyl)-dicaproamide],232.0,480.68
Poly[tetramethylene (pentamethylenedithio)-diethylene-diurethane],113.0,364.52
Poly[tetramethylene (tetramethylenedithio)-diethylene-diurethane],119.0,350.49
"Poly[tetramethylene 1,1'-(4,4'-trimethylenedipiperidine)-dithiodicarboxylate]",80.0,418.61
"Poly[tetramethylene 4,4'-(ethylenedioxy)dibenzoate]",180.0,356.37
"Poly[tetramethylene 4,4'-(methylenediphenylene)-diamino-dithiodicarboxylate]",104.0,404.5
"Poly[tetramethylene 4,4'-(propylenedioxy)-dibenzamide]",140.0,368.43
"Poly[tetramethylene N,N'-adipyldi(6-aminocaproate)]",156.0,426.55
"Poly[tetramethylene N,N'-dodecanedioyldi(p-aminobenzoate)]",192.0,522.64
"Poly[tetramethylene N,N'-terephthaloyldi(6-aminocaproate)]",190.0,446.54
Poly[tetramethylene p-(carboxyphenylene)-acetamide],221.0,232.28
"Poly[trans-1,4-cyclohexylene (ethylenedithio)-diethylenediurethane]",214.0,348.48
"Poly[trans-1,4-cyclohexylene (hexamethylenedithio)-diethylene-diurethane]",204.0,404.58
"Poly[trans-1,4-cyclohexylene (pentamethylenedithio)-diethylene-diurethane]",189.0,390.56
"Poly[trans-1,4-cyclohexylene (tetramethylenedithio)-diethylene-diurethane]",214.0,376.53
"Poly[trans-1,4-cyclohexylene (trimethylenedithio)-diethylene-diurethane]",202.0,362.5
"Poly[trans-1,4-cyclohexylenedimethylene (ethylenedithio)-diethylenediurethane]",121.0,376.53
"Poly[trans-1,4-cyclohexylenedimethylene (hexamethylenedithio)-diethylenediurethane]",124.0,432.64
"Poly[trans-1,4-cyclohexylenedimethylene (tetramethylenedithio)-diethylenediurethane]",129.0,404.58
"Poly[trans-1,4-cyclohexylenedimethylene (trimethylenedithio)-diethylenediurethane]",105.0,390.56
"Poly[trans-1,4-cylohexylenedimethylene (pentamethylenedithio)-diethylenediurethane]",102.0,418.61
Poly[trans-3-(p-hydroxyphenylene)-propenoic acid],313.0,146.14
Poly[trans-cyclopropylene(cyclopropylenedicarboxoyl)-diurethane],245.0,254.2
"Poly[trans-cyclopropylenedimethylene 4,4'-(methylenediphenylene)-diurethane]",290.0,352.39
Poly[trans-pentamethylene (cyclopropylenedicarboxoyl)-diurethane],250.0,284.27
Poly[trimethylene (ethylenedithio)-diethylenediurethane],157.0,308.41
Poly[trimethylene (hexamethylenedithio)-diethylenediurethane],115.0,364.52
Poly[trimethylene (pentamethylenedithio)-diethylene-diurethane],112.0,350.49
Poly[trimethylene (tetramethylenedithio)-diethylene-diurethane],113.0,336.46
Poly[trimethylene p-(carboxyphenylene)-acetamide],281.0,218.26
