polymer,tg
Acetoxypropyl cellulose,-16.0
Amorphous silk fibroinchains,180.0
Amylose hexanoate (2.9),42.0
Amylose triacetate,167.0
Amylose tributyrate,92.0
Amylose tripropionate,133.0
Amylose valerate: (2.8),57.0
Biphenylene-ether-ketone,181.0
"Bisphenol A + 2,2-(fm-biphenyl carboxylate)",148.0
Bisphenol A + Carboxylate,147.0
Bisphenol A + Terephthalate + Isophthalate 50/50,195.0
"Bisphenol A of 4,4'-(2,2'-propylidene)-diphenol",40.0
Bisphenol A-based homopoly(formal),88.0
Bisphenol AF-based homopoly(formal),123.0
Bisphenol AP + Carboxylate,187.0
Bisphenol AP + Terephthalate + Isophthalate,243.0
"Bisphenol AP +2,2-(fm-biphenyl carboxylate)",172.0
"Br-Poly(2,6-dimethyl-1,4-phenylene oxide), linear",208.0
Camphorquinone in poly(sulfone),185.0
Cellulose acetate,200.0
Cellulose eicosanoate,134.0
Cellulose laurate,94.0
Cellulose nitrate,53.0
Cellulose triacetate,49.0
Cellulose tributyrate,115.0
Cellulose tridecanoate,48.0
Cellulose triheptanoate,47.0
Cellulose trihexanoate,-36.0
Cellulose tripropionate,127.0
Cellulose trivalerate,65.0
Collagen,35.0
Copolyester (phydroxybenzoic acid-isophthalic acid-hydroquinone),125.0
"Copolyester, aromatic",117.0
Cyanoethyl cellulose,180.0
Cyclohexane-bisphenol-poly(carbonate),185.0
"EPDM, maleated",-37.0
Ethyl cellulose,43.0
Gelatin,70.0
H-H Poly(vinyl chloride),77.0
LC Poly(acrylate),21.0
"LC Poly(hydroquinone terephthalate), t-butyl",185.0
LC Poly(norborene)+p-nitrostilbene,44.0
LC Polylster,60.0
Methyl cellulose,150.0
Methyl poly(aryl ether ether ketone),145.0
Norbanane-bisphenol-poly(carbonate),233.0
Nylon,50.0
Nylon 10 [Poly(imino-1-oxodecamethylene)],42.0
"Nylon 10,10 [Poly(iminosebacoyliminodecamethylene)]",60.0
"Nylon 10,12 [Poly(iminodecamethyleneiminododecanedioyl)]",49.0
"Nylon 10,2 54% crys.",57.0
"Nylon 10,6 [Poly(iminoadipoyliminodecamethylene)]",40.0
Nylon 11 [Poly(imino-1-oxoundecamethylene)],48.333333333333336
Nylon 12 [Poly(imino-1-oxododecamethylene)],40.5
"Nylon 12,18 [Poly(iminododecamethyleneiminooctadecanedioyl)]",50.0
"Nylon 12,2 33% crys.",57.0
Nylon 13 [Poly(imino-1-oxotridecamethylene)],41.0
"Nylon 14,18 [Poly(iminotetradecamethyleneiminooctadecanedioyl)]",48.0
"Nylon 18,18 [Poly(iminooctadecanedioyliminooctadecamethylene)]",50.0
Nylon 3 [Poly(imino-1-oxotrimethylene)],111.0
"Nylon 4,6 [Poly(iminotetramethyleneiminoadipoyl)]",43.0
"Nylon 5,6 [Poly(iminopentamethyleneiminoadipoyl)]",45.0
Nylon 6 [Poly(imino-1-oxohexamethylene)],37.0
"Nylon 6,10 [Poly(iminohexamethyleneiminosebacoyl)]",47.5
"Nylon 6,12 [Poly(iminohexamethyleneiminododecanedioyl)]",46.0
"Nylon 6,2 [Poly(iminooxalyliminohexamethylene)]",154.0
"Nylon 6,6 [Poly(iminoadipoyliminohexamethylene)]",58.333333333333336
"Nylon 6,7 [Poly(iminohexamethyleneiminopimeloyl)]",58.0
"Nylon 6,8 [Poly(iminohexamethyleneiminosuberoyl)]",57.0
"Nylon 6,9 [Poly(iminohexamethyleneiminoazelaoyl)]",58.0
Nylon 7 [Poly(imino-1-oxoheptamethylene)],52.0
"Nylon 7,6 [Poly(iminoadipoyliminoheptamethylene)]",45.0
"Nylon 7,7 [Poly(iminopimeloyliminoheptamethylene)]",55.0
Nylon 8 [Poly(imino-1-oxooctamethylene)],50.0
"Nylon 8,10 [Poly(iminooctamethyleneiminodecanedioyl)]",60.0
"Nylon 8,12 [Poly(iminoctamethyleneiminododecanedioyl)]",50.0
"Nylon 8,2 Poly[(iminooxalyliminooctamethylene)]",93.0
"Nylon 8,22 [Poly(iminooctamethyleneiminodocosanedioyl)]",48.0
"Nylon 8,6 [Poly(iminoadipoyliminooctamethylene)]",45.0
Nylon 9 [Poly(imino-1-oxononamethylene)],46.0
"Nylon 9,6 [Poly(iminoadipoyliminononamethylene)]",45.0
"Phenylethynyl-terminated imide, cured",249.0
"Phenylethynyl-terminated imide, uncured oligomer (6300 Mw)",218.0
"Poly(1,1,1-trifluoro-2-propyl methacrylate)",81.0
"Poly(1,1,2-trimethyltrimethylene)",37.0
"Poly(1,1-bis(phenoxycarbonyl)-2-vinylcyclopropane)",76.0
"Poly(1,1-bis[(1-adamantyloxy)carbonyl]-2-vinylcyclopropane)",34.0
"Poly(1,1-dichloro-2-fluoroethylene)",47.0
"Poly(1,1-dichloroethylene), poly(vinylidene chloride)",-18.0
"Poly(1,1-difluoro-2-trifluoromethoxyethylene)",-10.0
"Poly(1,1-difluoroethylene), poly(vinylidene fluoride)",-39.0
"Poly(1,1-dimethyltetramethylene)",-20.0
"Poly(1,1-dimethyltrimethylene)",-10.0
"Poly(1,2,4-triazine-5,3-diyl-2,6-pyridinediyl-1,2,4-triazine-3,6-diyl-1,4-phenyleneoxy-1,4-phenylene)",223.0
"Poly(1,2-butadiene)",1.6666666666666667
"Poly(1,2-dichloro-1,2-difluoroethylene)",77.0
"Poly(1,2-difluoro-1-trifluoromethoxyethylene)",-10.0
"Poly(1,2-difluoroethylene)",98.0
"Poly(1,2-dimethyl-1-butenylene)",-11.0
"Poly(1,2:3,4-di-O-isopropylidene-α-D-galactopyranos- 6-O-yl methacrylate)",126.0
"Poly(1,3,4-oxadiazolediyl-1,3-phenylene-1,3,4-oxadiazolediyl-1,4-phenylene)",278.0
"Poly(1,3,4-oxadiazolediyl-1,4-phenyleneoxy-1,4-phenylene)",240.0
"Poly(1,3,4-oxadiazolediyl-1,4-phenyleneoxy-1,4-phenyleneisopropylidene-1,4-phenyleneoxy-1,4-phenylene)",180.0
"Poly(1,3,4-oxidiazole-amide)",225.0
"Poly(1,3-dioxa-2-propyl-4,6-cyclohexylenemethylene)",49.0
"Poly(1,3-dioxa-4,6-cyclohexylenemethylene)",105.0
"Poly(1,3-dioxoisoindoline-2,5-diylcarbonyl-1,3-dioxoisoindoline-5,2-diyl-1,3-phenylenedecafluoropentamethylene-1,3-phenylene)",260.0
"Poly(1,3-dioxoisoindoline-2,5-diylcarbonyl-1,3-dioxoisoindoline-5,2-diyl-1,3-phenylenehexafluorotrimethylene-1,3-phenylene)",120.0
"Poly(1,3-dioxoisoindoline-2,5-diyldodecafluorohexamethylene-1,3-dioxoisoindoline-5,2-diyl-1,4-phenyleneoxy-1,4-phenylene)",185.0
"Poly(1,3-dioxoisoindoline-2,5-diylhexadecafluorooctamethylene-1,3-dioxoisoindoline-5,2-diyl-1,4-phenyleneoxy-1,4-phenylene)",184.0
"Poly(1,3-dioxoisoindoline-2,5-diylhexafluorotrimethylene-1,3-dioxoisoindoline-5,2-diyl-1,3-phenylenedecafluoropentamethylene-1,3-phenylene)",98.0
"Poly(1,3-dioxoisoindoline-2,5-diylhexafluorotrimethylene-1,3-dioxoisoindoline-5,2-diyl-1,3-phenylenehexafluorotrimethylene-1,3-phenylene)",145.0
"Poly(1,3-dioxoisoindoline-2,5-diylhexafluorotrimethylene-1,3-dioxoisoindoline-5,2-diyl-1,3-phenyleneoxy-1,3-phenylene)",178.0
"Poly(1,3-dioxoisoindoline-2,5-diylhexafluorotrimethylene-1,3-dioxoisoindoline-5,2-diyl-1,4-phenylenemethylene-1,4-phenylene)",225.0
"Poly(1,3-dioxoisoindoline-2,5-diylhexafluorotrimethylene-1,3-dioxoisoindoline-5,2-diyl-1,4-phenyleneoxy-1,4-phenylene)",210.0
"Poly(1,3-dioxoisoindoline-2,5-diylhexafluorotrimethylene-1,3-dioxoisoindoline-5,2-diyl-1,4-phenylenesulfonyl-1,4-phenylene)",260.0
"Poly(1,3-dioxoisoindoline-2,5-diyloctafluorotetramethylene-1,3-dioxoisoindoline-5,2-diyl-1,3-phenylenedecafluoropentamethylene-1,3-phenylene)",144.0
"Poly(1,3-dioxoisoindoline-2,5-diyloctafluorotetramethylene-1,3-dioxoisoindoline-5,2-diyl-1,3-phenylenehexafluorotrimethylene-1,3-phenylene)",159.0
"Poly(1,3-dioxoisoindoline-2,5-diyloctafluorotetramethylene-1,3-dioxoisoindoline-5,2-diyl-1,4-phenyleneoxy-1,4-phenylene)",212.0
"Poly(1,3-dioxoisoindoline-2,5-diyloxy-1,3-dioxoisoindoline-5,2-diyl-1,3-phenylenedecafluoropentamethylene-1,3-phenylene)",120.0
"Poly(1,3-dioxoisoindoline-2,5-diyloxy-1,3-dioxoisoindoline-5,2-diyl-1,3-phenylenehexafluorotrimethylene-1,3-phenylene)",184.0
"Poly(1,3-dioxoisoindoline-2,5-diyloxy-1,3-dioxoisoindoline-5,2-diyl-1,3-phenyleneimino-1,3,5-triazinediylimino-1,3-phenylene)",290.0
"Poly(1,3-dioxoisoindoline-2,5-diyloxy-1,3-dioxoisoindoline-5,2-diyl-1,3-phenyleneimino-4-dimethylamino-1,3,5-triazinediylimino-1,3-phenylene)",294.0
"Poly(1,3-dioxoisoindoline-2,5-diyloxy-1,3-dioxoisoindoline-5,2-diyl-1,3-phenyleneimino-4-diphenylamino-1,3,5-triazinediylimino-1,3-phenylene)",290.0
"Poly(1,3-dioxoisoindoline-2,5-diyloxy-1,3-dioxoisoindoline-5,2-diyl-1,3-phenyleneimino-4-phenyl-1,3,5-triazinediylimino-1,3-phenylene)",292.0
"Poly(1,3-dioxoisoindoline-2,5-diyloxy-1,3-dioxoisoindoline-5,2-diyl-1,3-phenyleneoxy-1,3-phenylene)",207.0
"Poly(1,3-dioxoisoindoline-2,5-diyloxy-1,3-dioxoisoindoline-5,2-diyl-1,4-phenyleneoxy-1,4-phenylene)",250.0
"Poly(1,3-dioxoisoindoline-2,5-diyltetradeca-fluoroheptamethylene-1,3-dioxoisoindoline-5,2-diyl-1,3-phenylene-decafluoropentamethylene-1,3-phenylene)",112.0
"Poly(1,3-dioxoisoindoline-2,5-diyltetradeca-fluoroheptamethylene-1,3-dioxoisoindoline-5,2-diyl-1,3-phenylene-hexafluorotrimethylene-1,3-phenylene)",133.0
"Poly(1,3-dioxoisoindoline-2,5-diyltetradeca-fluoroheptamethylene-1,3-dioxoisoindoline-5,2-diyl-1,4-phenyleneoxy-1,4-phenylene)",187.0
"Poly(1,3-dioxoisoindoline-5,2-diyl-1,4-phenylenesulfonyl-1,4-phenylene-1,3-dioxoisoindoline-2,5-diylcarbonylimino-1,3-phenyleneiminocarbonyl)",311.0
"Poly(1,3-dioxoisoindoline-5,2-diyl-1,4-phenylenesulfonyl-1,4-phenylene-1,3-dioxoisoindoline-2,5-diylcarbonylimino-1,4-phenylenemethylene-1,4-phenyleneiminocarbonyl)",324.0
"Poly(1,3-dioxoisoindoline-5,2-diyl-1,4-phenylenesulfonyl-1,4-phenylene-1,3-dioxoisoindoline-2,5-diylcarbonylimino-1,4-phenyleneoxy-1,4-phenylene-iminocarbonyl)",310.0
"Poly(1,3-dioxoisoindoline-5,2-diyl-1,4-phenylenesulfonyl-1,4-phenylene-1,3-dioxoisoindoline-2,5-diylcarbonylimino-1,4-phenylenesulfonyl-1,4-phenyleneiminocarbonyl)",307.0
"Poly(1,3-phenylenehexafluorotrimethylene)",30.0
"Poly(1,3-pyrazolediyl-1,3-phenylene-3,1-pyrazolediyl-1,4-phenylene)",80.0
"Poly(1,3-pyrazolediyl-1,3-phenylene-3,1-pyrazolediylhexamethylene)",70.0
"Poly(1,3-pyrazolediyl-1,4-phenylene-3,1-pyrazolediyl-1,4-phenylene)",100.0
"Poly(1,3-pyrazolediyl-1,4-phenylene-3,1-pyrazolediylhexamethylene)",80.0
"Poly(1,4,4-trifluoro-1-butenylene)",-35.0
"Poly(1,4,7-trioxy-3,3,5,5-tetrafluoro- heptamethylenecarbonyl-1,3-phenylene- hexafluorotrimethylene-1,3-phenylenecarbonyl)",30.0
"Poly(1,4,7-trioxy-3,3,5,5-tetrafluoro- heptamethyleneisophthaloyl)",28.0
"Poly(1,4,7-trioxy-3,3,5,5-tetrafluoroheptamethylene- 5-pentyloxyisophthaloyl)",14.0
"Poly(1,4-butanediol succinate)",73.0
"Poly(1,4-cyclohexanecarbonate)",138.0
"Poly(1,4-isoprene-b-styrene)",13.0
"Poly(1,4-naphthyleneethylene)",160.0
"Poly(1,4-phenylene ethylene)",80.0
"Poly(1,4-phenylene-1-phenylethylene)",155.0
"Poly(1,4-phenylenetrichloroethylene)",160.0
"Poly(1,4-piperazinediyl-1-oxotrimethylenefluoren-9-ylidene-3-oxotrimethylene)",145.0
"Poly(1,4-piperazinediyladipoyl)",126.0
"Poly(1,4-piperazinediylcarbonyl-1,4-phenylene-2,2-butylidene-1,4-phenylenecarbonyl)",219.0
"Poly(1,4-piperazinediylcarbonyl-2,2'-biphenylylenecarbonyl)",193.0
"Poly(1,4-piperazinediylcarbonyloxy-9-oxabicylco-[3,3,1]nonan-2,6-yleneoxycarbonyl)",113.0
"Poly(1,4-piperazinediylcarbonyloxyethyleneoxycarbonyl)",60.0
"Poly(1,4-piperazinediylcarbonyloxyneopentyleneoxycarbonyl)",70.0
"Poly(1,4-piperazinediylisophthaloyl)",192.0
"Poly(1,4-piperazinediylsebacoyl)",82.0
Poly(1-acetoxy-1-cyanoethylene),147.0
Poly(1-acetyl-1-fluoroethylene),142.0
Poly(1-bromo-1-butenylene),-32.0
"Poly(1-butyl-2,5-diazo-3,4-pyrrolidinediyl)",188.0
Poly(1-chloro-1-butenylene),-30.0
"Poly(1-decyl-2,5-diazo-3,4-pyrrolidinediyl)",95.0
Poly(1-ethyl-1-methyltetramethylene),-23.0
"Poly(1-ethyl-2,5-diazo-3,4-pyrrolidinediyl)",250.0
"Poly(1-hexadecyl-2,5-diazo-3,4-pyrrolidinediyl)",75.0
"Poly(1-hexyl-2,5-diazo-3,4-pyrrolidinediyl)",149.0
Poly(1-naphthylethylene),159.0
"Poly(1-octadecyl-2,5-diazo-3,4-pyrrolidinediyl)",75.0
"Poly(1-octyl-2,5-diazo-3,4-pyrrolidinediyl)",120.0
Poly(1-phenyl-1-butenylene),10.0
Poly(1-tert-butyl-1-butenylene),20.0
"Poly(1-tetradecyl-2,5-diazo-3,4-pyrrolidinediyl)",78.0
Poly(17-fluoroalkyl methacrylate),37.0
"Poly(1H,1H,5H-octafluoropentyl acrylate)",-35.0
"Poly(1H,1H,5H-octafluoropentyl methacrylate)",36.0
"Poly(1H,1H,7H-dodecafluoroheptyl methacrylate)",13.0
"Poly(1H,1H,9H-hexadecafluorononyl methacrylate)",-15.0
"Poly(1H,1H-heptafluorobutyl methacrylate) syndiotactic",57.0
"Poly(1H,1H-nonafluoro-4-oxahexyl acrylate)",-49.0
"Poly(1H,1H-nonafluoropentyl acrylate)",-37.0
"Poly(1H,1H-pentadecafluorooctyl acrylate)",-17.0
"Poly(1H,1H-pentafluoropropyl acrylate)",-26.0
"Poly(1H,1H-undecafluorohexyl acrylate)",-39.0
"Poly(2',3',6',2''',3''',5'''-hexaphenyl- 4, 4''''-p-quinquephenylylenedecamethylene)",235.0
"Poly(2',3',6',2''',3''',5'''-hexaphenyl- 4, 4''''-p-quinquephenylylenehexamethylene)",250.0
"Poly(2',3',6',2''',3''',5'''-hexaphenyl- 4, 4'''-p-quinquephenylylenetetramethylene)",205.0
"Poly(2',3',6',2''',3''',5'''-hexaphenyl- 4,4''''-p-quinquephenylylenetetradecamethylene)",185.0
"Poly(2',3',6',2''',3''',5'''-hexaphenyl- 4,4'''-quinquephenylylenetrimethylene)",290.0
"Poly(2',3',6',2''',3''',5'''-hexaphenyl- p,p,m,p,p, quinquephenylylenehexamethylene)",215.0
"Poly(2',3',6',2''',3''',5'''-hexaphenyl- p,p,m,p,p-quinquephenylylenedecamethylene)",180.0
"Poly(2',3',6',2''',3''',5'''-hexaphenyl- p,p,m,p,p-quinquephenylylenetetradecamethylene)",160.0
"Poly(2',3',6',2''',3''',5'''-hexaphenyl- p,p,m,p,p-quinquephenylylenetetramethylene)",180.0
"Poly(2',3',6',2''',3''',5'''-hexaphenyl- p,p,m,p,p-quinquephenylylenetrimethylene)",240.0
"Poly(2'-methyl-4'-nitrophenylazo)-[N,N-bis(2-hydroxyethyl)]- aniline)",137.0
"Poly(2,2,2-trifluoroethoxytrifluoroethylene)",35.0
"Poly(2,2,2-trifluoroethyl acrylate)",-10.0
"Poly(2,2-bis(3,4-dicarboxyphenyl)hexafluoropropane dianhydride)",324.0
"Poly(2,2-dimethylbutoxyethylene)",9.0
"Poly(2,3,3,3-tetrafluoropropylene)",42.0
"Poly(2,3,4,5,6-pentafluorostyrene)",105.0
"Poly(2,3,5-trifluoropyridinediyloxy-2,2,3,3,4,4-hexafluoropentamethyleneoxy)",-13.0
"Poly(2,3-O-isopropylidene-D,L-glyceritol-1-O-yl methacrylate)",62.0
"Poly(2,3-xylenyl methacrylate)",125.0
"Poly(2,4,5-trimethylstyrene)",136.0
"Poly(2,4,6-tribromophenyl acetate)",150.0
"Poly(2,4,6-trimethylstyrene)",162.0
"Poly(2,4-dichlorostyrene)",133.0
"Poly(2,4-diisopropylstyrene)",162.0
"Poly(2,4-dimethyl-1,3,5-triazinylethylene)",77.0
"Poly(2,4-dimethylstyrene)",112.0
"Poly(2,5-benzimidazolediyl-6,2-benzimidazolediyl-1,4-phenyleneimino-4-diphenylamino-1,3,5-triazinediylimino-1,4-phenylene)",329.0
"Poly(2,5-benzimidazolediyl-6,2-benzimidazolediylpentamethyleneimino-4-diethylamino-1,3,5-triazinediyliminopentamethylene)",190.0
"Poly(2,5-dichloro-1,4-phenylene ethylene)",340.0
"Poly(2,5-dichlorostyrene)",106.0
"Poly(2,5-difluorostyrene)",101.0
"Poly(2,5-diisopropylstyrene)",168.0
"Poly(2,5-dimethyl-1,4-phenylene ethylene)",100.0
"Poly(2,5-dimethyl-1,4-piperazinediylcarbonyloxyneopentylene-thioneopentyleneoxycarbonyl)",40.0
"Poly(2,5-dimethyl-1,4-piperazinediylcarbonyloxyneopentylenesulfonyl-neopentyleneoxycarbonyl)",85.0
"Poly(2,5-dimethylstyrene)",143.0
"Poly(2,5-dioxo-1,3-pyrrolidinediylethylene)",135.0
"Poly(2,5-pyridinediylcarbonyliminohexamethyleneiminocarbonyl)",49.0
"Poly(2,5-thienylene ethylene)",52.5
"Poly(2,6-benzimidazole-diylsulfonyl-5,2-benzimidazolediyl-1,3-phenylene)",287.0
"Poly(2,6-benzimidazolediyl-6,2-benzimidazolediylocatamethylene)",234.0
"Poly(2,6-benzimidazolediyl-6,2-benzimidazolediyltrimethylene)",275.0
"Poly(2,6-benzothiazolediyl-6,2-benzothiazolediyloctamethylene)",238.0
"Poly(2,6-benzoxazolediyl-6,2-benzoxazolediyloctamethylene)",53.0
"Poly(2,6-dichlorostyrene)",167.0
"Poly(2,6-dioxopiperidine-1,4-diyltrimethylene)",90.0
"Poly(2,6-xylenyl methacrylate)",167.0
"Poly(2-H-tetrafluoroethyl-1,3,5-triazinediyltrimethylene)",-20.0
Poly(2-acrylaminoanthraquinone),128.0
"Poly(2-bromo-1,4-phenylene ethylene)",80.0
Poly(2-bromoethyl methacrylate),52.0
Poly(2-bromotetrafluoroethyliminotetrafluoroethylene),-17.0
Poly(2-butoxycarbonylstyrene),66.0
Poly(2-butoxymethylstyrene),67.0
Poly(2-carboxystyrene),177.0
"Poly(2-chloro-1,3-butadiene-co-ethyl methacrylate)",-35.0
"Poly(2-chloro-1,3-butadiene-co-glycidyl methacrylate)",-16.0
"Poly(2-chloro-1,4,4-trifluoro-1-butenylene)",-17.0
"Poly(2-chloro-1,4-phenylene ethylene)",70.0
Poly(2-chlorobenzoyloxyethylene),62.0
Poly(2-chloroethyl methacrylate),92.0
Poly(2-chlorostyrene),119.0
"Poly(2-cyano-1,4-phenylene ethylene)",90.0
Poly(2-cyanoethyl methacrylate),91.0
Poly(2-cyclohexylethylene),40.0
Poly(2-decanhydronapthyl methacrylate),145.0
Poly(2-dimethylaminocarbonylstyrene),190.0
Poly(2-ethoxycarbonylstyrene),118.0
Poly(2-ethoxymethylstyrene),74.0
"Poly(2-ethyl-1,3-dioxa-4,6-cyclohexylenemethylene)",72.0
"Poly(2-ethyl-1,4-phenylene ethylene)",25.0
Poly(2-ethyl-2-methylpropylene terephthalate),61.0
Poly(2-ethylhexyl methacrylate),-10.0
Poly(2-ethylstyrene),103.0
Poly(2-ethylsulfinylethyl methacrylate),25.0
Poly(2-fluoro-5-methylstyrene),111.0
Poly(2-furyloxirane),15.0
Poly(2-hexyloxycarbonylstyrene),45.0
Poly(2-hydropropyl methacrylate),72.25
Poly(2-hydroxyethyl methacrylate),85.0
Poly(2-hydroxymethylstyrene),160.0
Poly(2-hydroxypropyl ether Bisphenol A),97.0
Poly(2-iodoethylethylene),70.0
Poly(2-isobutoxycarbonylstyrene),127.0
Poly(2-isopentyloxycarbonylstyrene),68.0
Poly(2-isopentyloxymethylstyrene),78.0
Poly(2-isopropoxycarbonylstyrene),146.0
Poly(2-isopropoxymethylstyrene),88.0
"Poly(2-isopropyl-1,3-dioxa-4,6-cyclohexylenemethylene)",56.0
Poly(2-methoxycarbonylstyrene),130.0
"Poly(2-methoxycyanurate) of Bisphenols F and APoly(oxycarbonyloxy-2,6-dibromo-1,4-phenylene- isopropylidene-3,5-dibromo-1,4-phenylene)",158.5
Poly(2-methoxymethylstyrene),89.0
Poly(2-methoxypropylene),67.0
Poly(2-methoxystyrene),75.0
"Poly(2-methyl-1,3-dioxa-4,6-cyclohexylenemethylene)",82.0
"Poly(2-methyl-1,4-phenylene ethylene)",55.0
"Poly(2-methyl-4-nitro-[N,N-bis(2-hydroxyethyl)]-aniline)",98.0
Poly(2-methyl-7-ethyl-4-undecyl acrylate),-20.0
Poly(2-methylaminocarbonylstyrene),189.0
Poly(2-methylbutyl acrylate),-32.0
Poly(2-methylpentamethylene terephthalamide) amorphous,143.0
Poly(2-methylpentamethylene terephthalamide) crystalline,151.0
Poly(2-methylpentamethylene terephthalamide) drawn fiber,180.0
Poly(2-methylpentyl acrylate),-38.0
Poly(2-methylstyrene),136.0
Poly(2-naphthyl acrylate),85.0
Poly(2-naphthylethylene),151.0
Poly(2-naphthyliminoethylene),130.0
Poly(2-octyl acrylate),-45.0
Poly(2-octyloxystyrene),13.0
Poly(2-pentyloxycarbonylstyrene),92.0
Poly(2-pentyoxymethylstyrene),47.0
Poly(2-phenethyloxymethylstyrene),63.0
Poly(2-phenoxycarbonylstyrene),124.0
Poly(2-phenylaminocarbonylstyrene),191.0
Poly(2-propoxycarbonylstyrene),108.0
Poly(2-propoxymethylstyrene),97.0
Poly(2-pyridylethylene),104.0
Poly(2-tert-butylaminoethyl methacrylate),33.0
"Poly(3,3',4,4'-benzophene tetracarboxylic dianhydride)",324.0
"Poly(3,3',4,4'-biphenyl tetracarboxylic dianhydride)",343.0
"Poly(3,3',4,4'-oxydiphthalic anyhydride)",263.0
"Poly(3,3'-biphenylylenehexafluorotrimethylene)",51.0
"Poly(3,3,3-trifluoropropylene)",27.0
"Poly(3,3,5-trimethylcyclohexyl acrylate)",15.0
"Poly(3,3,5-trimethylcyclohexyl methacrylate)",125.0
"Poly(3,3-dimethyl-2-butyl methacrylate)",108.0
"Poly(3,3-dimethyl-3-phenylpropionyloxyethylene)",20.0
"Poly(3,3-dimethylbutyl methacrylate)",45.0
"Poly(3,3-dimethylbutylethylene)",53.0
"Poly(3,3-oxindolylidene-1,4-phenyleneoxyisophthaloyloxy-1,4-phenylene)",256.0
"Poly(3,3-oxoisoindolylidene-1,4-phenyleneoxyisophthaloyloxy-1,4-phenylene)",325.0
"Poly(3,3-oxoisoindolylidene-1,4-phenyleneoxyterephthaloyloxy-1,4-phenylene)",327.0
"Poly(3,3-phthalidylidene-1,4-phenyleneoxy-5-chloroisophthaloyloxy-1,4-phenylene)",313.0
"Poly(3,3-phthalidylidene-1,4-phenyleneoxy-5-tert-butylisophthaloyloxy-1,4-phenylene)",279.0
"Poly(3,3-phthalidylidene-1,4-phenyleneoxycarbonyloxy-1,4-phenylene)",240.0
"Poly(3,3-phthalidylidene-1,4-phenyleneoxyisophthaloyloxy-1,4-phenylene)",318.0
"Poly(3,4-dibenzyl terephthalamide)",224.0
"Poly(3,4-dichlorostyrene)",128.0
"Poly(3,4-dimethylbenzoylethylene)",42.0
"Poly(3,4-dimethylstyrene)",111.0
"Poly(3,5,5-trimethylhexyl methacrylate)",1.0
"Poly(3,5-dimethyladamantyl methacrylate)",195.0
"Poly(3,5-dimethylstyrene)",104.0
"Poly(3,6-dibenzofurandiylsulfonyl-1,4-phenyleneoxy-1,4-phenylenesulfonyl)",290.0
"Poly(3,6-pyridazinediyloxy-1,4-phenyleneisopropylidene-1,4-phenyleneoxy)",180.0
Poly(3-[bis(trimethylsiloxy)boryl]styrene),35.0
Poly(3-bromobenzoyloxyethylene),58.0
Poly(3-carboxyphenyl maleimide-co-styrene),220.0
Poly(3-chlorobenzoyloxyethylene),65.0
Poly(3-chlorostyrene),90.0
Poly(3-cyclohexylpropylethylene),-25.0
Poly(3-ethylstyrene),30.0
Poly(3-fluoroalkyl methacrylate),82.0
Poly(3-hydroxybutyrate),-10.333333333333334
Poly(3-hydroxybutyrate-co-4-hydroxybutyrate)-18,-4.0
Poly(3-hydroxybutyrate-co-4-hydroxybutyrate)-69,-36.0
Poly(3-hydroxymethylstyrene),125.0
Poly(3-iodopropylethylene),30.0
Poly(3-methoxycarbonylpropyionyliminoethylene),31.0
Poly(3-methylbutyl acrylate),-45.0
Poly(3-methylstyrene),97.0
Poly(3-oxabutyl methacrylate),16.0
Poly(3-pentyl acrylate),-6.0
"Poly(3-phenylquinoxaline-2,6-diyl-3-phenylquinoxaline-6,2-diyl-1,4-phenyleneoxy-1,4-phenylene)",294.0
"Poly(3-phenylquinoxaline-2,6-diyl-3-phenylquinoxaline-7,2-diyl-1,4-phenyleneoxy-1,4-phenylene)",285.0
"Poly(3-phenylquinoxaline-2,6-diylcarbonyl-3-phenylquinoxaline-7,2-diyl-1,4-phenylene)",310.0
"Poly(3-phenylquinoxaline-2,6-diyloxy-3-phenylquinoxaline-7,2-diyl-1,4-phenylene)",292.0
"Poly(3-phenylquinoxaline-2,6-diyloxy-3-phenylquinoxaline-7,2-diyl-1,4-phenyleneoxy-1,4-phenylene)",243.0
"Poly(3-phenylquinoxaline-2,6-diylsulfonyl-3-phenylquinoxaline-7,2-diyl-1,4-phenylene)",270.0
"Poly(3-phenylquinoxaline-2,7-diyl-3-phenylquinoxaline-7,2-diyl-1,3-phenylene)",320.0
"Poly(3-phenylquinoxaline-2,7-diyl-3-phenylquinoxaline-7,2-diyl-1,4-phenylene)",317.0
"Poly(3-phenylquinoxaline-2,7-diyl-3-phenylquinoxaline-7,2-diyl-1,4-phenylene-1,3-dioxoisoindoline-2,5-diylcarbonyl-1,3-dioxoisoindoline-5,2-diyl-1,4-phenylene)",260.0
"Poly(3-phenylquinoxaline-2,7-diyl-3-phenylquinoxaline-7,2-diyl-1,4-phenyleneoxy-1,4-phenylene)",288.0
"Poly(3-phenylquinoxaline-2,7-diylcarbonyl-3-phenylquinoxaline-7,2-diyl-1,4-phenylene)",322.0
"Poly(3-phenylquinoxaline-2,7-diylcarbonyl-3-phenylquinoxaline-7,2-diyl-1,4-phenylene-1,3-dioxoisoindoline-2,5-diylcarbonyl-1,3-dioxoisoindoline-5,2-diyl-1,4-phenylene)",255.0
"Poly(3-phenylquinoxaline-2,7-diylcarbonyl-3-phenylquinoxaline-7,2-diyl-1,4-phenyleneoxy-1,4-phenylene)",243.0
"Poly(3-phenylquinoxaline-2,7-diyloxy-3-phenylquinoxaline-7,2-diyl-1,4-phenylene)",275.5
"Poly(3-phenylquinoxaline-2,7-diyloxy-3-phenylquinoxaline-7,2-diyl-1,4-phenylene-1,3-dioxoisoindoline-2,5-diylcarbonyl-1,3-dioxoisoindoline-5,2-diyl-1,4-phenylene)",254.0
"Poly(3-phenylquinoxaline-2,7-diyloxy-3-phenylquinoxaline-7,2-diyl-1,4-phenyleneoxy-1,4-phenylene)",268.0
"Poly(3-phenylquinoxaline-2,7-diylsulfonyl-3-phenylquinoxaline-7,2-diyl-1,4-phenylene)",212.0
"Poly(3-phenylquinoxaline-2,7-diylsulfonyl-3-phenylquinoxaline-7,2-diyl-1,4-phenylene-1,3-dioxoisoindoline-2,5-diylcarbonyl-1,3-dioxoisiondoline-5,2-diyl-1,4-phenylene)",240.0
"Poly(3-phenylquinoxaline-2,7-diylsulfonyl-3-phenylquinoxaline-7,2-diyl-1,4-pheyleneoxy-1,4-phenylene)",195.0
Poly(3-tetracyclododecyl methacrylate),204.0
"Poly(4'-nitrophenylazo)-[N,N-bis(2-hydroxyethyl)]-aniline)",131.0
"Poly(4,4'-cyclopentylidene diphenylene toluene-2,4-disulfonate)",134.0
"Poly(4,4,5,5-tetrafluoro-3-oxapentyl acrylate)",-22.0
"Poly(4,4-(2,7-napthalenedioxy) dibenzoic acid)",198.0
"Poly(4,4-dimethyl-oxazolonyl-2-propylene)",107.0
"Poly(4,4-dimethyl-oxazolonylethylene)",92.0
"Poly(4,4-dimethylpentylethylene)",40.0
"Poly(4,5,6,8,9,10-hexahydro-1,3,6,8-tetraoxofuro[3,2-c:4,5-c'] dipyrrole-2,7[1H,3H]-diyl-1,4-phenylene-3-phenylquinoxaline-2,7-diyl-3-phenylquinoxaline-7,2-diyl-1,4-phenylene)",230.0
"Poly(4,5,6,8,9,10-hexahydro-1,3,6,8-tetraoxofuro[3,2-c:4,5-c'] dipyrrole-2,7[1H,3H]-diyl-1,4-phenylene-3-phenylquinoxaline-2,7-diylcarbonyl-3-phenylquinoxaline-7,2-diyl-1,4-phenylene)",255.0
"Poly(4,5,6,8,9,10-hexahydro-1,3,6,8-tetraoxofuro[3,2-c:4,5-c'] dipyrrole-2,7[1H,3H]-diyl-1,4-phenylene-3-phenylquinoxaline-2,7-diyloxy-3-phenylquinoxaline-7,2-diyl-1,4-phenylene)",310.0
Poly(4-(11-(vinyloxy)undecyloxy)-4-cyanophenylbenzoate),37.0
Poly(4-(2-methacryloyloxy)ethyloxy)acetanilide),312.0
Poly(4-(4-fluorobenzoyl)-N-(4-hydroxyphenyl)phthalimide),297.0
Poly(4-(6-methacryloyloxy)hexyloxy)acetanilide),45.0
Poly(4-(methacryloyloxy)acetanilide),198.0
Poly(4-[(1-hydroxyimino)-2-phenethyl]styrene),111.0
Poly(4-[bis(trimethylsiloxy)boryl]styrene),84.0
Poly(4-[bis(trimethylstannyl)methyl]styrene),140.0
Poly(4-acetoxybenzoyloxyethylene),76.0
Poly(4-acetylstyrene),116.0
Poly(4-benzoylbutyryloxyethylene),45.0
Poly(4-benzoylstyrene),98.0
Poly(4-bromo-3-methoxybenzoylethylene),44.0
Poly(4-bromobenzoyloxyethylene),92.0
Poly(4-bromostyrene),129.5
Poly(4-butoxycarbonylphenylmethacrylamide),128.0
Poly(4-butoxycarbonylstyrene),76.0
Poly(4-butoxystyrene),47.0
Poly(4-butylstyrene),6.0
Poly(4-butyryloxybenzoyloxyethylene),61.0
Poly(4-butyrylstyrene),74.0
Poly(4-carboxyphenyl maleimide-co-styrene),220.0
Poly(4-carboxyphenylmethacrylamide),200.0
Poly(4-carboxystyrene),113.0
Poly(4-chloro-2-methylstyrene),145.0
Poly(4-chloro-3-fluorostyrene),122.0
Poly(4-chloro-3-methylstyrene),114.0
Poly(4-chlorobenzoylethylene),37.0
Poly(4-chlorobenzoyloxyethylene),84.0
Poly(4-chlorostyrene),83.33333333333333
Poly(4-cyanomethylphenyl methacrylate),128.0
Poly(4-cyanophenyl methacrylate),155.0
Poly(4-cyanostyrene),120.0
Poly(4-cyclohexylbutyryloxyethylene),-10.0
Poly(4-diethylcarbamoylstyrene),102.0
Poly(4-dimethylaminocarbonylstyrene),125.0
Poly(4-ethoxybenzoyloxyethylene),70.0
Poly(4-ethoxycarbonylphenylmethacrylamide),168.0
Poly(4-ethoxycarbonylstyrene),94.0
Poly(4-ethoxystyrene),86.0
Poly(4-ethylbenzoylethylene),52.0
Poly(4-ethylbenzoyloxyethylene),53.0
Poly(4-ethylstyrene),27.0
Poly(4-fluoroalkyl methacrylate),80.0
Poly(4-fluorostyrene),95.0
Poly(4-hexadecylstyrene),5.0
Poly(4-hexanoylstyrene),66.0
Poly(4-hexyloxycarbonylstyrene),66.0
Poly(4-hexyloxymethylstyrene),-20.0
Poly(4-hexylstyrene),-27.0
Poly(4-hydroxymethylstyrene),140.0
Poly(4-hydroxystyrene),160.0
Poly(4-iodostyrene),156.0
Poly(4-isobutoxycarbonylstyrene),90.0
Poly(4-isopentyloxystyrene),57.0
Poly(4-isopropoxycarbonylstyrene),95.0
Poly(4-isopropylbenzoylethylene),63.0
Poly(4-isopropylbenzoyloxyethylene),69.0
Poly(4-isopropylstyrene),33.0
Poly(4-methoxy-1-butenylene),-17.0
Poly(4-methoxy-2-methylstyrene),85.0
Poly(4-methoxybenzoylethylene),46.0
Poly(4-methoxycarbonyl-3-methyl-1-butenylene),53.0
Poly(4-methoxycarbonylphenyl methacrylate),106.0
Poly(4-methoxycarbonylphenylmethacrylamide),180.0
Poly(4-methoxycarbonylstyrene),113.0
Poly(4-methoxymethylstyrene),77.0
Poly(4-methoxystyrene),101.0
Poly(4-methylstyrene),101.0
Poly(4-morpholinocarbonylstyrene),127.0
Poly(4-nonadecylstyrene),32.0
Poly(4-octadecylstyrene),32.0
Poly(4-octanoylstyrene),50.0
Poly(4-octylstyrene),-45.0
Poly(4-p-anisoylstyrene),103.0
Poly(4-p-toluoylstyrene),99.0
Poly(4-phenoxystyrene),100.0
"Poly(4-phenyl-1,2,4-triazolediyl-1,3-phenylene-4-phenyl-1,2,4-triazolediyl-1,4-phenylene)",265.0
Poly(4-phenylacetylstyrene),78.0
Poly(4-phenylstyrene),161.0
Poly(4-piperidinocarbonylstyrene),114.0
Poly(4-propionylstyrene),102.0
Poly(4-propoxycarbonylstyrene),92.0
Poly(4-propoxymethylstyrene),22.0
Poly(4-propoxystyrene),70.0
Poly(4-propoxysulfonylstyrene) isotactic,217.0
Poly(4-propylbenzoylethylene),44.0
Poly(4-pyridylethylene),161.66666666666666
Poly(4-sec-butylstyrene),86.0
Poly(4-tert-butylbenzoylethylene),104.0
Poly(4-tert-butylbenzoyloxyethylene),101.0
Poly(4-tert-butylcyclohexyl methacrylate),106.5
Poly(4-tert-butylphenyl methacrylate),98.0
Poly(4-tert-butylstyrene),126.0
Poly(4-tetradecylstyrene),-36.0
"Poly(4-tricyanovinyl-[N,N-bis(2-hydroxyethyl)]-aniline)",125.0
Poly(4-valerylstyrene),70.0
Poly(4-vinyl phenol),156.0
"Poly(5,5,5-trifluoro-3-oxapentyl acrylate)",-38.0
"Poly(5,7-dichloro-3,3-oxindolylidene-1,4-phenyleneoxyisophthaloyl-1,4-phenylene)",270.0
"Poly(5,7-dihydro-1,3,5,7-tetraoxobenzo[1,2-c:4,5-c'] dipyrrole-2,6-[1H,3H]-diyl-1,4-phenylene-3-phenylquinoxaline-2,7-diylcarbonyl-3-phenylquinoxaline-7,2-diyl-1,4-phenylene)",240.0
"Poly(5,7-dihydro-1,3,5,7-tetraoxobenzo[1,2-c:4,5-c'] dipyrrole-2,6[1H,3H]-diyl-1,4-phenylene-3-phenylquinoxaline-2,7-diylsulfonyl-3-phenylquinoxaline-7,2-diyl-1,4-phenylene)",186.0
"Poly(5,7-dihydro-1,3,5,7-tetraoxobenzo[1,2-c:4,5-c'] dipyrrole-2,6[1H,3H]-diyl-1,4-phenyleneoxy-1,4-phenylene)",-27.0
"Poly(5,7-dihydro-1,3,5,7-tetraoxobenzo[1,2-c:4,5-c'] dipyrrole-2,6[1H,3H]-diyl-1,4-phenylenethio-1,4-phenylene)",345.0
"Poly(5,7-dihydro-1,3,5,7-tetraoxobenzo[1,2-c:4,5-c'] dipyrrole-2,6[1H,3H]-diyl-4,4-dimethylheptamethylene)",135.0
"Poly(5,7-dihydro-1,3,5,7-tetraoxobenzo[1,2-c:4,5-c'] dipyrrole-2,6[1H,3H]-diylnonamethylene)",110.0
"Poly(5,7-dihydro-1,3,5,7-tetraoxobenzo[1,2-c:4,5-c'] dipyrrole-2,6[1H,3H]diyl-3-methylheptamethylene)",135.0
"Poly(5,7-dihydro-1,3,5,7-tetraoxobenzo[1,2-c:4,5-c'] dipyrrole-2,6[1H,3]-diyl-1,4-phenylene-3-phenylquinoxaline-2,7-diyl-3-phenylquinoxaline-7,2-diyl-1,4-phenylene)",217.0
"Poly(5,7-dihydro-1,3,5,7-tetraoxobenzo[1,2-c:4,5-c']dipyrrol-2,6[1H,3H]-diyl-1,4-phenylene-3-phenylquinoxaline-2,7-diyloxy-3-phenylquinoxaline-7,2-diyl-1,4-phenylene)",274.0
Poly(5-bromo-2-butoxystyrene),47.0
Poly(5-bromo-2-ethoxystyrene),80.0
Poly(5-bromo-2-isopentyloxystyrene),37.0
Poly(5-bromo-2-isopropoxystyrene),35.0
Poly(5-bromo-2-methoxystyrene),86.0
Poly(5-bromo-2-pentyloxystyrene),49.0
Poly(5-bromo-2-propoxystyrene),54.0
"Poly(5-chlorononafluoro-1,3-cyclohexylene- difluoromethylene)",147.0
Poly(5-fluoroalkyl methacrylate),77.0
Poly(5-tert-butyl-2-methylstyrene),87.0
Poly(5-trimethylsilylnorbornene),113.0
"Poly(6-phenyl-1,2,4-triazine-5,3-diyl-2,6-pyridinediyl-6-phenyl-1,2,4-triazine-3,5-diyl-1,4-phenylene)",260.0
"Poly(6-phenyl-1,2,4-triazine-5,3-diyl-2,6-pyridinediyl-6-phenyl-1,2,4-triazine-3,5-diyl-1,4-phenylenemethylene-1,4-phenylene)",205.0
"Poly(6-phenyl-1,2,4-triazine-5,3-diyl-2,6-pyridinediyl-6-phenyl-1,2,4-triazine-3,5-diyl-1,4-phenyleneoxy-1,4-phenylene)",215.0
"Poly(6-phenyl-1,3,5-triazinediylphenylimino-1,3,5-triazinediylphenylimino)",268.0
"Poly(7,7'-[1'',4''-dihydro-(2,3H)benzothiazino (2',3'-b)hexahydro(1,2,3,4H)phenothiazine]diyl)",210.0
"Poly(7,7,8,8-tetrafluoro-3,6-dioxaoctyl acrylate)",-40.0
Poly(8-fluoroalkyl methacrylate),47.0
Poly(9-iodononylethylene),-6.0
Poly(C2B10H10-carboranylenedi(dimethylsilyleneoxy) dimethylsilylene),-34.0
Poly(C2B10H10-carboranylenedimethylsilyleneoxy-dimethylsilylene),25.0
Poly(C2B5H5-carboranylenedimethylsilyleneoxy-dimethylsilylene),4.0
"Poly(D,L-isobornyl methacrylate)",123.0
Poly(L-lactic acid-co-DL-maleic acid),33.0
"Poly(N,N'-bis(4'-amino-4-biphenylene isophthalamide))",225.0
"Poly(N,N,N',N'-tetraglycidyl-4-4'-diaminodiphenylmethane hexahydrophthalic anhydride)",206.0
"Poly(N,N,N',N'-tetraglycidyl-4-4'-diaminodiphenylmethane tetrahydrophthalic anhydride)",184.0
"Poly(N,N-dibutylacrylamide)",60.0
"Poly(N,N-diisopropylacrylamide)",120.0
"Poly(N,N-dimethylacrylamide)",89.0
Poly(N-(4-hydroxyphenyl)maleimide-co-allytrimethylsilane),226.0
Poly(N-butylacrylamide),46.0
Poly(N-carbazolylethylene),179.33333333333334
Poly(N-cyclohexylmaleimide-alt-isobutene),192.0
Poly(N-isopropylacrylamide),85.0
"Poly(N-methyl-3,3-oxoisoindolylidene-1,4-phenyleneoxyisophthaloyloxy-1,4-phenylene)",285.0
"Poly(N-methyl-3,3-oxoisoindolylidene-1,4-phenyleneoxyterephthaloyloxy-1,4-phenylene)",282.0
Poly(N-methyl-N-phenylacrylamide),180.0
Poly(N-phenyl-2-hydroxytrimethylene amine),70.0
Poly(N-pyrrolidinylethylene),105.0
Poly(N-sec-butylacrylamide),117.0
Poly(N-tert-butylacrylamide),128.0
Poly(N-tert-butylmethacrylamide),160.0
Poly(N-vinyl carbazole-co-pyrrole),180.0
"Poly([2(4'-nitrophenylethylenyl)]-[N,N-bis(2-hydroxyethyl)]- aniline)",121.0
"Poly([4-(N,N-bis(2-hydroxyethyl)amino)-benzylidene] imidazolidine-2-dione)",178.0
Poly([N-(1-methylbutyl)acrylamide),107.0
Poly(acenaphthylene),214.0
Poly(acetoxyethylene) [Poly(vinyl acetate)],69.875
Poly(acetyliminoethylene),80.0
Poly(acetyliminotrimethylene),30.0
Poly(acrylamide),165.0
Poly(acrylonitrile methacrylate),110.0
Poly(acrylonitrile) [poly(cyanoethylene)],101.33333333333333
Poly(adamantyl methacrylate),129.66666666666666
Poly(amide imide) of biphenyltetracarboxylic dianhydride,220.0
Poly(amide-sulfonamide),250.0
Poly(aniline),100.0
Poly(aryl ether ether ketone),153.0
Poly(aryl ether ketone),220.0
"Poly(aryl ether ketone) of 1,8-bis(4-fluorobenzoyl) naphthalene and aromatic bisphenols",214.0
Poly(aryl ether phthalazine),278.0
"Poly(aryl ether phthalazine), 2-napthalenyl",287.0
Poly(aryl ether phthalazinium),297.0
Poly(aryl ether sulfone),183.5
Poly(aryl ether sulfone-b-aryl ether ketone),200.0
Poly(arylene ether benzoxazole),300.0
Poly(arylene ether pyrazole),190.0
"Poly(arylene-1,3,4-oxadiazole)",262.0
Poly(benzoxazole),55.0
"Poly(benzoxazole-5,2-diyl-1,3-phenylenebenzoxazole-2,5-diyliminosebacoylimino)",120.0
"Poly(benzoxazole-5,2-diylhexamethylenebenzoxazole-2,5-diyliminosebacoylimino)",86.0
"Poly(benzoxazole-5,2-diylhexamethylenebenzoxazole-2,5-diyliminosuberoylimino)",77.0
"Poly(benzoxazole-5,2-diyloctamethylenebenzoxazole-2,5-diyliminoadipoylimino)",85.0
"Poly(benzoxazole-5,2-diyloctamethylenebenzoxazole-2,5-diyliminosebacoylimino)",93.0
Poly(benzoylethylene),41.0
Poly(benzoyliminoethylene),105.0
Poly(benzoyliminotrimethylene),72.0
Poly(benzoyloxyethylene),71.0
Poly(benzyl methacrylate),54.0
Poly(benzylethylene),60.0
Poly(bis(t-butyl-p-phenoxyphosphazene)),50.0
Poly(butyl butoxycarbonylmethacrylate),25.0
Poly(butyl chloroacrylate),57.0
Poly(butyl cyanoacrylate),85.0
Poly(butyl methacrylate),26.444444444444443
"Poly(butylene 1,4-terephthalate)",226.0
"Poly(butylene 2,6-naphthalate)",48.0
Poly(butylene isophthalate),18.0
Poly(butylene naphthalate),239.0
Poly(butylene terephthalate),31.0
Poly(butyliminohexafluoroglutaryl butyliminohexamethylene),20.0
Poly(butylthioethylene),-20.0
Poly(butyryliminoethylene),30.0
Poly(carbonate-co-butylene terephthalate),90.0
Poly(chloroprene),-46.0
Poly(chloroprene-co-ethyl methacrylate),-35.0
Poly(chloroprene-co-glycidyl methacrylate),-17.0
Poly(chloroprene-g-ethyl methacrylate),-43.0
Poly(chloroprene-g-glycidyl methacrylate),-30.0
Poly(chlorotrifluoroethylene),68.0
Poly(cyclobutene) erythro di-isotactic,20.0
Poly(cyclobutene) erythro di-syndiotactic,0.0
Poly(cyclobutyl methacrylate),78.0
Poly(cyclodecyl methacrylate),58.0
Poly(cyclododecyl methacrylate),56.0
Poly(cyclohexanoyloxyethylene),76.0
Poly(cyclohexyl chloroacrylate),114.0
Poly(cyclohexyl methacrylate),106.66666666666667
Poly(cyclohexylacetoxyethylene),25.0
Poly(cyclohexylethylene),126.5
Poly(cyclohexyloxyethylene),81.0
Poly(cyclooctyl methacrylate),73.0
Poly(cyclooctylmethyl methacrylate),53.0
Poly(cyclopentanoyloxyethylene),36.0
Poly(cyclopentyl methacrylate),75.0
Poly(cyclopentylacetoxyethylene),-3.0
Poly(cyclopentylethylene),75.0
"Poly(decafluoro-1,3-cyclohexylenedifluoromethylene)",101.0
"Poly(decylethylene), poly(1-decene)",-36.0
Poly(di(aminophenyl)acetylene diurea),235.0
Poly(di-n-butylsilylenemethylene),-30.0
Poly(di-n-propylsilylenemethylene),50.0
Poly(di-p-tolysilylenetrimethylene),38.0
Poly(diethylaminoethyl methacrylate),16.0
Poly(dimethylaminoethyl methacrylate),19.0
Poly(diphenoxyphosphazene),-8.0
Poly(diphenylphosphinylethylene),180.0
Poly(disiloxane),27.0
Poly(dithioethylene),-27.0
"Poly(dithiomethylene-1,4-phenylenemethylene)",23.0
"Poly(dodecafluoro-1,3-cycloheptylenedifluoromethylene)",198.0
Poly(dodecafluorobutoxyethylene),-10.0
Poly(dodecanidiol dimethacrylate),4.0
Poly(dodecanoyliminoethylene),10.0
"Poly(dodecyl-2,5-diazo-3,4-pyrrolidinediyl)",-18.0
"Poly(dodecylethylene), poly(1-dodecene)",-32.0
Poly(endo-dicyclopentadiene),97.0
Poly(ester imide),91.0
Poly(ester-amide-imide) of phenyltrimellitimide,100.0
Poly(ether ether ketone),148.5
Poly(ether ether sulfone),210.0
Poly(ether imide),225.66666666666666
"Poly(ether ketone),fluorinated",155.0
"Poly(ether sulfone ketone), aromatic",167.0
Poly(ether sulfone),225.0
Poly(ethoxyethylene),-38.0
Poly(ethyl chloroacrylate),86.33333333333333
Poly(ethyl ethacrylate),27.0
Poly(ethyl ethoxycarbonylmethacrylate),52.0
Poly(ethyl ethylene),62.333333333333336
Poly(ethyl fluoromethacrylate),43.0
Poly(ethyl methacrylate),69.46153846153847
Poly(ethyl methacrylate-co-methyl methacrylate),98.0
Poly(ethyl-2-propylene),-5.0
"Poly(ethylene 1,4-terephthalate)",253.0
"Poly(ethylene 2,6-naphthalate)",125.0
"Poly(ethylene 2,6-naphthalene-dicarboxylate)",125.0
Poly(ethylene naphthalate),261.0
Poly(ethylene oxide-co-epychloridrine),-40.0
Poly(ethylene terephthalate-co-p-hydroxybenzoic acid),60.0
Poly(ethylene),-11.5
"Poly(ethylene), chlorinated",8.0
Poly(ethylene-co-methacrylate),-36.0
Poly(ethylene-co-methacrylic acid) ionomer,57.0
"Poly(ethylimino-2,2,3,3,4,4- hexafluoropentamethyleneethyliminoadipoyl)",20.0
Poly(ethyliminohexafluoroglutarylethyliminohexamethylene),5.0
Poly(ethylthioethylene),-7.0
Poly(exo-dicyclopentadiene),66.0
Poly(ferrocenylethyl methacrylate),209.0
Poly(ferrocenylethylene),184.0
Poly(ferrocenylmethyl methacrylate),185.0
"Poly(fluorescein-3',6'-diyloxyisophthaloyloxy)",276.0
Poly(formyloxyethylene),35.0
Poly(furfuryl acrylate-alt-2-hydroxyethyl methacrylate),53.0
Poly(furylene ethylene),20.0
Poly(glycidyl methacrylate),68.5
"Poly(heptafluoropropyl-1,3,5-triazinediyltrimethylene)",-20.0
Poly(heptanoyliminoethylene),10.0
"Poly(heptylethylene), poly(1-heptene)",-47.0
Poly(hexadecyl methacrylate),15.0
"Poly(hexafluoro-1,3-cyclobutylenedifluoromethylene)",122.0
Poly(hexafluoromethoxyethylene),-5.0
Poly(hexafluoropropylene),152.0
Poly(hexanoyliminoethylene),10.0
Poly(hexanoyliminotrimethylene),-16.0
Poly(hexyl hexyloxycarbonylmethacrylate),-4.0
Poly(hexyl methacrylate),-1.75
Poly(hexyldecylethylene),55.0
Poly(hydroxyamide ether),90.0
Poly(hydroxymethylene),134.0
Poly(imide),222.0
Poly(imide) PMR-15,340.0
"Poly(imide) of 3,3-bis [4-(4'-aminophenoxy)phenyl]phthalimidime with bis(trimellitimide)",267.0
"Poly(imide) of 4,4'-oxidiphthalic anhydride and 2,2'-dimethyl- 4-4'-diaminobiphenyl diamine",298.0
"Poly(imide), di-t-butyl subs",242.0
"Poly(imides) of 4,4'-diaminotriphenylmethane, aromatic",260.0
"Poly(imino-1,3-phenyleneimino-5-methylisophthaloyl)",305.0
"Poly(imino-1,3-phenyleneiminocarbonyl- 1,3-adamantylenecarbonyl)",307.0
"Poly(imino-1,3-phenyleneiminoisophthaloyl)",280.0
"Poly(imino-1,3-phenyleneiminosebacoyl)",110.0
"Poly(imino-1,4-cyclohexylenemethylene- 1,4-cyclohexyleneiminododecanedioyl)",135.0
"Poly(imino-1,4-cyclohexylenemethylene- 1,4-cyclohexyleneiminosebacoyl)",144.0
"Poly(imino-1,4-phenyleneiminoterephthaloyl)",345.0
"Poly(imino-1,5-naphthyleneiminoisophthaloyl)",325.0
"Poly(imino-1,5-naphthyleneiminoterephthaloyl)",305.0
Poly(imino-1-methyl-3-oxotrimethylene),96.0
"Poly(imino-1-oxoethylene-1,4-phenylene- 2-oxoethyleneiminooctadecamethylene)",78.0
"Poly(imino-1-oxotrimethylene-1,4-phenylene- 3-oxotrimethyleneiminododecamethylene)",85.0
"Poly(imino-1-oxotrimethylene-1,4-phenylene- 3-oxotrimethyleneiminooctadecamethylene)",65.0
Poly(imino-1-oxotrimethylenefluoren-9-ylidene- 3-oxotrimethyleneiminotrimethylenefluoren- 9-ylidenetrimethylene),165.0
"Poly(imino-2,2,4-trimethylpentamethyleneiminoadipoyl)",65.0
"Poly(imino-2,2- dimethylpentamethyleneiminoterephthaloyl)",157.0
"Poly(imino-2,2-dimethylpentamethyleneiminoadipoyl)",77.0
"Poly(imino-2,2-dimethylpentamethyleneiminoazelaoyl)",63.0
"Poly(imino-2,2-dimethylpentamethyleneiminopimeloyl)",71.0
Poly(imino-3-methyladipoyliminohexamethylene),17.0
Poly(imino-5-methylisophthaloyliminohexamethylene),120.0
Poly(imino-5-tert-butylisophthaloyliminohexamethylene),163.0
"Poly(imino-5-tert-butylisophthaloyliminomethylene- 1,3-phenylenemethylene)",192.0
"Poly(imino-5-tert-butylisophthaloyliminomethylene- 1,4-cyclohexylenemethylene)",236.0
"Poly(imino-5-tert-butylisophthaloyliminomethylene- 1,4-phenylenemethylene)",204.0
"Poly(iminoadipoylimino-1,4-cyclohexylenemethylene) 1,4-cyclohexylene)",185.0
"Poly(iminoadipoyliminomethylene-2,5-dimethyl- 1,4-phenylenemethylene)",70.0
Poly(iminoadipoyliminotrimethylenefluoren- 9-ylidenetrimethylene),120.0
Poly(iminoadipoyliminotrimethyleneisobutylphosphinidene trimethylene),71.0
Poly(iminoadipoyliminotrimethylenemethyliminotrimethylene),5.0
Poly(iminoadipoyliminotrimethylenemethylphosphinylidene trimethylene),59.0
Poly(iminoadipoyliminotrimethylenemethylphosphinylidene- tetramethylene),59.0
Poly(iminoadipoyliminotrimethyleneoctylphosphinylidene trimethylene),12.0
"Poly(iminocarbonyl-1,3- adamantylenecarbonyliminohexamethylene)",112.0
"Poly(iminocarbonyl-1,4-cyclohexylenemethylene)",193.0
"Poly(iminocarbonyl-1,4-phenylene- 2-oxoethyleneiminohexamethylene)",104.0
"Poly(iminocarbonyl-2,2- biphenylylenecarbonyliminotrimethylenefluoroen- 9-ylidenetrimethylene)",165.0
"Poly(iminoethylene-1,4-phenyleneethyleneimino- 1,11-dioxoundecamethylene)",96.0
"Poly(iminoethylene-1,4-phenyleneethyleneimino- 1,14-dioxotetradecamethylene)",93.0
"Poly(iminoethylene-1,4-phenyleneethyleneimino- 1,16-dioxohexadecamethylene)",85.0
"Poly(iminoethylene-1,4-phenyleneethyleneimino- 1,18-dioxooctadecamethylene)",75.0
"Poly(iminoethylene-1,4-phenyleneethyleneiminosebacoyl)",105.0
"Poly(iminoglutarylimino-2,2-dimethylpentamethylene)",82.0
Poly(iminohexamethyleneimino-1- oxotrimethylenephenylphosphinylidene-3-oxotrimethylene),29.0
Poly(iminohexamethyleneimino-1-oxotrimethylene- phenylphosphinothioylidene-3-oxotrimethylene),43.0
Poly(iminohexamethyleneimino-1-oxotrimethylenefluoren- 9-ylidene-3-oxotrimethylene),122.0
Poly(iminohexamethyleneimino-4-methylpimeloyl),50.0
"Poly(iminohexamethyleneiminocarbonyl- 2,2'-biphenylenecarbonyl)",127.0
"Poly(iminohexamethyleneiminocarbonyl-1,4-phenylene- 2,2-butylidene-1,4-phenylenecarbonyl)",154.0
"Poly(iminoisophthaloylimino-2,2-dimethylpentamethylene)",153.0
"Poly(iminoisophthaloylimino-3,4-dimethylhexamethylene)",125.0
"Poly(iminoisophthaloylimino-4,4'-biphenylylene)",285.0
Poly(iminoisophthaloyliminohexamethylene),117.0
"Poly(iminoisophthaloyliminomethylene- 1,3-phenylenemethylene)",165.0
"Poly(iminoisophthaloyliminomethylene- 1,4-cyclohexylenemethylene)",208.0
Poly(iminoisophthaloyliminooctamethylene),115.0
Poly(iminoisophthaloyliminotrimethylenefluoren- 9-ylidenetrimethylene),175.0
Poly(iminomesaconoyliminodecamethylene),74.0
Poly(iminomesaconoyliminohexamethylene),94.0
"Poly(iminomesaconoyliminomethylene- 1,3-phenylenemethylene)",135.0
"Poly(iminomethylene- 1,3-cyclohexylenemethyleneiminoisophthaloyl)",180.0
"Poly(iminomethylene- 1,3-phenylenemethyleneiminoadipoyl)",73.0
"Poly(iminomethylene- 1,3-phenylenemethyleneiminocarbonyl- 2,2'-biphenylenecarbonyl)",159.0
"Poly(iminomethylene- 1,4-phenylenemethyleneiminododecanedioyl)",105.0
"Poly(iminomethylene- 1,4-phenylenemethyleneiminooctadecanedioyl)",75.0
"Poly(iminomethylene- 1,4-phenylenemethyleneiminopentadecanedioyl)",90.0
"Poly(iminomethylene- 1,4-phenylenemethyleneiminosebacoyl)",115.0
"Poly(iminomethylene- 1,4-phenylenemethyleneiminotridecanedioyl)",100.0
"Poly(iminomethylene- 1,4-phenylenemethyleneiminoundecanedioyl)",107.0
"Poly(iminomethylene-1,3,3-trimethyl- 1,5-cyclohexyleneiminoadipoyl)",160.0
"Poly(iminomethylene-1,3,3-trimethyl- cyclohexyleneiminoterephthaloyl)",200.0
"Poly(iminomethylene-1,3-cyclohexylenemethyleneimino- 5-tert-butylisophthaloyl)",200.0
"Poly(iminomethylene-1,3-phenylenemethyleneimino- 1-oxotrimethylenefluoren-9-ylidene-3-oxotrimethylene)",150.0
"Poly(iminomethylene-5-tert-butyl- 1,3-cyclohexylenemethyleneiminoisophthaloyl)",209.0
"Poly(iminomethylene-5-tert-butyl- 1,3-phenylenemethyleneiminoadipoyl)",109.0
"Poly(iminomethylene-5-tert-butyl- 1,3-phenylenemethyleneiminoisophthaloyl)",188.0
"Poly(iminooctamethyleneimino-1-oxoethylene- 1,4-phenylene-2-oxoethylene)",110.0
"Poly(iminooxalylimino-2,2-dimethylpentamethylene)",109.0
"Poly(iminopentamethyleneiminocarbonyl-1,4-phenylene- 2-oxoethylene)",103.0
Poly(iminopentamethyleneiminoterephthaloyl),227.0
"Poly(iminoterephthaloylimino- 1,4,4-trimethylheptamethylene)",150.0
"Poly(iminoterephthaloylimino- 2,2,4-trimethylheptamethylene)",145.0
"Poly(iminoterephthaloylimino- 2,4,4-trimethylheptamethylene)",148.0
"Poly(iminoterephthaloylimino- 4,4'-biphenylylene)",340.0
"Poly(iminoterephthaloylimino- 4,4-dimethylheptamethylene)",152.0
Poly(iminoterephthaloylimino-3-ethylhexamethylene),130.0
Poly(iminoterephthaloylimino-3-isopropylhexamethylene),143.0
Poly(iminoterephthaloyliminododecamethylene),120.0
Poly(iminoterephthaloyliminoheptamethylene),197.0
Poly(iminoterephthaloyliminohexamethylene),140.0
"Poly(iminoterephthaloyliminomethylene-2,5-dimethyl- 1,4-phenylenemethylene)",225.0
Poly(iminoterephthaloyliminononamethylene),115.0
"Poly(iminotetramethyleneiminocarbonyl-1,4-phenylene- 2,2-butylidene-1,4-phenylenecarbonyl)",173.0
"Poly(iminotetramethyleneiminocarbonyl-1,4-phenylene- 2-oxoethylene)",84.0
Poly(iminotrimethylenefluoren-9- ylidenetrimethyleneiminosebacoyl),85.0
"Poly(iminotrimethyleneiminocarbonyl-1,4-phenylene- 2-oxoethylene)",109.0
Poly(indazol-2-ylethylene),58.0
Poly(indene),200.0
Poly(indenylene),85.0
Poly(isobornyl methacrylate),130.0
Poly(isobutoxyethylene),-19.0
Poly(isobutyl chloroacrylate),90.0
Poly(isobutyl methacrylate),46.2
Poly(isobutylethylene),85.0
Poly(isobutyryliminoethylene),30.0
Poly(isodecylacrylamide),40.0
Poly(isohexylacrylamide),71.0
Poly(isohexylethylene),-34.0
Poly(isonicotinoyloxyethylene),99.0
Poly(isononylacrylamide),52.0
Poly(isooctylacrylamide),66.0
Poly(isopentylethylene),-14.0
Poly(isoprene),-7.0
"Poly(isoprene), gutta percha",38.0
Poly(isopropoxyethylene),-7.5
Poly(isopropyl chloroacrylate),90.0
Poly(isopropyl methacrylate) atactic,69.5
Poly(isopropylethylene),72.0
Poly(isopropyliminohexafluoroglutarylisopropyliminohexa- methylene),20.0
Poly(isovaleryliminoethylene),30.0
Poly(lactic acid),54.0
"Poly(m-phenylene),o,m-2-benzoxazole",221.0
"Poly(m-phenylene),o,m-5-methyl-2-benzoxazole",221.0
Poly(m-tolyl acrylate),25.0
Poly(m-tolylmethylethylene),40.0
Poly(maleimide-alt-p-trimethylsilyl-a-methylstyrene),226.0
Poly(maleimide-alt-p-trimethylsilylstyrene),230.0
Poly(methacryl-methyl-imide),150.0
Poly(methacrylate),0.0
Poly(methacrylic acid),228.0
Poly(methacrylic anhydride),159.0
Poly(methacrylonitrile),120.0
Poly(methoxyethylene),-29.142857142857142
Poly(methyl acrylate),15.5
Poly(methyl chloroacrylate),140.0
Poly(methyl fluoroacrylate),131.0
Poly(methyl fluoromethacrylate),84.0
Poly(methyl methacrylate),100.88888888888889
Poly(methyl methacrylate-co-styrene),102.0
Poly(methyl methacrylate-co-styrene-co-butadiene-co-styrene-co-methyl methacrylate),160.0
Poly(methyl phenylacrylate),121.0
Poly(methyl β-chloroacrylate),143.0
Poly(methylhydroquinone),153.0
Poly(methylphenylsilylenemethylene),28.0
Poly(methylthioethylene),-1.0
"Poly(morpholylacryamide), [Poly(morpholinocarbonylethylene)]",147.0
Poly(neopentyl acrylate),22.0
Poly(neopentyl methacrylate),26.0
Poly(neopentylethylene),59.0
Poly(neopentyloxyethylene),151.0
Poly(nicotinoyloxyethylene),87.0
Poly(nitratoethylene),34.0
Poly(nonadecafluorodecanoyloxy)ethylene],-20.0
Poly(nonylethylene),-37.0
Poly(norbornene),47.5
Poly(norbornene-co-ethylene),155.0
Poly(o-terphenyl),-35.0
Poly(o-tolyl acrylate),52.0
Poly(o-tolylmethylethylene),80.0
Poly(octadecanoyliminoethylene),10.0
"Poly(octafluoro-1,3-cyclohexylenedifluoromethylene)",117.0
Poly(octafluoro-4-methyl-1-butenylene),-3.0
"Poly(octamethylene p,p'-dibenzoate)",42.0
Poly(octanoyliminoethylene),10.0
Poly(octyl methacrylate),-20.0
"Poly(octylethylene), poly(1-octene)",-41.0
"Poly(oxy-1,1-difluoroethyliminotetrafluoroethylene)",-35.0
"Poly(oxy-1,1-dimethylethylene)",-9.0
"Poly(oxy-1,2,dimethylethylene) trans",4.0
"Poly(oxy-1,3-phenylene)",45.0
"Poly(oxy-1,3-phenylenecarbonyloxycarbonyl- 1,3-phenyleneoxypentamethylene)",61.0
"Poly(oxy-1,3-phenylenecarbonyloxycarbonyl- 1,3-phenyleneoxytetramethylene) 3,3,5-trimethyl cyclohexane-1-polycarbonate",235.0
"Poly(oxy-1,3-phenylenehexafluorotrimethylene- 1,3-phenyleneoxycarbonyl-1,3-phenylene- hexafluorotrimethylene-1,3-phenylenecarbonyl)",72.0
"Poly(oxy-1,3-phenyleneoxy-2-fluoroisophthaloyl)",120.0
"Poly(oxy-1,3-phenyleneoxy-5-pentyloxyisophthaloyl)",-4.0
"Poly(oxy-1,3-phenyleneoxyisophthaloyl)",138.0
"Poly(oxy-1,4-phenylene)",85.0
"Poly(oxy-1,4-phenylene-2,2-dicyanotrimethylene-1,4-phenylene)",147.0
"Poly(oxy-1,4-phenylenecarbonyl-1,4-phenyleneoxy-1,4-phenyleneisopropylidene-1,4-phenylene)",155.0
"Poly(oxy-1,4-phenylenecarbonyl-1,4-phenyleneoxy-1,4-phenyleneisopropylidene-4-methyl-1,4-cyclohexylene-1,4-phenylene)",220.0
"Poly(oxy-1,4-phenylenecarbonylimino- 1,4-phenylenesulfonyl-1,4-phenyleneiminocarbonyl- 1,4-phenylene)",298.0
"Poly(oxy-1,4-phenylenecarbonylimino-2,2-dimethyl- pentamethyleneiminocarbonyl-1,4-phenylene)",155.0
"Poly(oxy-1,4-phenylenefluoren-9-ylidene- 1,4-phenyleneoxysebacoyl)",151.0
"Poly(oxy-1,4-phenylenehexafluoro-2,2-propylidene-1,4-phenyleneoxy-1,4-phenylenecarbonyl-1,4-phenylene]",175.0
"Poly(oxy-1,4-phenyleneiminoisophthaloylimino- 1,4-phenylene)",190.0
"Poly(oxy-1,4-phenyleneiminoterephthaloylimino- 1,4-phenylene)",340.0
"Poly(oxy-1,4-phenyleneisopropylidene- 1,4-phenyleneoxycarbonyl-1,3-phenylene- hexafluorotrimethylene-1,3-phenylenecarbonyl)",116.0
"Poly(oxy-1,4-phenyleneisopropylidene- 1,4-phenyleneoxycarbonyl-1,4-phenylene-sec-butylidene- 1,4-phenylenecarbonyl)",207.0
"Poly(oxy-1,4-phenyleneisopropylidene- 1,4-phenyleneoxysebacoyl)",7.0
"Poly(oxy-1,4-phenyleneisopropylidene-1,4-phenyleneoxy- 1,4-phenylene-sulfonylmethyliminotetramethylene- methyliminosulfonyl-1,4-phenylene)",120.0
"Poly(oxy-1,4-phenyleneisopropylidene-1,4-phenyleneoxy-1,4-phenyleneazo-1,4-phenylene)",175.0
"Poly(oxy-1,4-phenyleneisopropylidene-1,4-phenyleneoxy-1,4-phenyleneterephthaloyl-1,4-phenylene)",165.0
"Poly(oxy-1,4-phenylenemethylenefluoroen-9-ylidenemethylene-1,4-phenylene)",138.0
"Poly(oxy-1,4-phenylenesulfinyl-1,4-phenyleneoxy- 1,4-phenylenecarbonyl-1,4-phenylene)",205.0
"Poly(oxy-1,4-phenylenesulfinyl-1,4-phenyleneoxy- 1,4-phenyleneisopropylidene-1,4-phenylene)",165.0
"Poly(oxy-1,4-phenylenesulfonyl- 1,4-phenyleneoxyterephthaloyl)",249.0
"Poly(oxy-1,4-phenylenesulfonyl-1,4-phenyl (1,4-phenylene)neoxy-1,4-phenylenehexafluoro -2,2-propylidene-1,4-phenylene)",205.0
"Poly(oxy-1,4-phenylenesulfonyl-1,4-phenylene)",214.0
"Poly(oxy-1,4-phenylenesulfonyl-1,4-phenyleneoxy- 1,4-phenylene-2,2-norbornylene-1,4-phenylene)",250.0
"Poly(oxy-1,4-phenylenesulfonyl-1,4-phenyleneoxy- 1,4-phenylenecarbonyl-1,4-phenylene)",205.0
"Poly(oxy-1,4-phenylenesulfonyl-1,4-phenyleneoxy- 1,4-phenylenecyclohexylidene-1,4-phenylene)",205.0
"Poly(oxy-1,4-phenylenesulfonyl-1,4-phenyleneoxy- 1,4-phenylenediphenylmethylene-1,4-phenylene)",230.0
"Poly(oxy-1,4-phenylenesulfonyl-1,4-phenyleneoxy- 1,4-phenyleneethylidene-1,3-cyclohexylene-1,4-phenylene)",230.0
"Poly(oxy-1,4-phenylenesulfonyl-1,4-phenyleneoxy- 1,4-phenyleneisobutylidene-1,4-phenylene)",200.0
"Poly(oxy-1,4-phenylenesulfonyl-1,4-phenyleneoxy- 1,4-phenyleneisopropylidene-1,4-phenylene)",176.0
"Poly(oxy-1,4-phenylenesulfonyl-1,4-phenyleneoxy- 1,4-phenylenemethylene-1,4-phenylene)",180.0
"Poly(oxy-1,4-phenylenesulfonyl-1,4-phenyleneoxy- 1,4-phenylenemethylphenylmethylene-1,4-phenylene)",200.0
"Poly(oxy-1,4-phenylenesulfonyl-1,4-phenyleneoxy- 1,4-phenylenethio-1,4-phenylene)",175.0
"Poly(oxy-1,4-phenylenesulfonyl-1,4-phenyleneoxy- 2,6-dimethyl-1,4-phenyleneisopropylidene-3,5-dimethyl- 1,4-phenylene)",235.0
"Poly(oxy-1,4-phenylenesulfonyl-1,4-phenyleneoxy-2-chloro- 1,4-phenyleneisopropylidene-3-chloro-1,4-phenylene)",205.0
"Poly(oxy-1,4-phenylenesulfonyl-2,7-naphthylenesulfonyl- 1,4-phenylene)",250.0
"Poly(oxy-1,4-phenylenesulfonyl-4,4'-biphenylylenesulfonyl- 1,4-phenylene)",260.0
"Poly(oxy-2,2,2-trichloroethylethylene)",-2.0
"Poly(oxy-2,2,3,3,4,4,5,5-octafluorohexamethylene oxycarbonylimino-2,2,3,3,4,4,5,5-octafluoro-hexamethyleneiminocarbonyl)",20.0
"Poly(oxy-2,2,3,3,4,4,5,5-octafluorohexamethylene oxycarbonyliminohexamethyleneiminocarbonyl)",-2.0
"Poly(oxy-2,2,3,3,4,4,5,5-octafluorohexamethyleneoxy- 3,6-dithiaoctanedioyl)",-38.0
"Poly(oxy-2,2,3,3,4,4-hexafluoro-pentamethyleneoxymethylene-1,4-phenylenemethylene)",-26.0
"Poly(oxy-2,2,3,3,4,4-hexafluoropenta- methyleneoxycarbonyl- 1,3-phenylenedecafluoropentamethylene- 1,3-phenylenecarbonyl)",28.0
"Poly(oxy-2,2,3,3,4,4-hexafluoropentamethylene oxycarbonylimino-2,2,3,3,4,4,5,5-octafluoro hexamethyleneiminocarbonyl)",25.0
"Poly(oxy-2,2,3,3,4,4-hexafluoropentamethylene oxycarbonyliminohexamethyleneiminocarbonyl)",16.0
"Poly(oxy-2,2,3,3,4,4-hexafluoropentamethyleneoxy- 3,6-dithiaoctanedioyl)",-40.0
"Poly(oxy-2,2,3,3,4,4-hexafluoropentamethyleneoxy-4,4'-octafluorobiphenylylene)",41.0
"Poly(oxy-2,2,3,3,4,4-hexafluoropentamethyleneoxycarbonyl- 1,3-phenylenehexafluorotrimethylene- 1,3-phenylenecarbonyl)",17.0
"Poly(oxy-2,2,3,3,4,4-hexafluoropentamethyleneoxycarbonyl- 3,3'-biphenylylenecarbonyl)",45.0
"Poly(oxy-2,2,3,3-tetrafluorotetramethylene oxycarbonylimino-2,2,3,3,4,4,5,5-octafluoro-hexamethyleneiminocarbonyl)",38.0
"Poly(oxy-2,2,3,3-tetrafluorotetramethylene oxycarbonyliminohexamethyleneiminocarbonyl)",9.0
"Poly(oxy-2,2,4,4-tetramethyl-1,3-cyclobutylene oxyterephthaloyl)",184.0
"Poly(oxy-2,2,4,4-tetramethyl-1,3-cyclobutyleneoxycarbonyl- trans-1,4-cyclohexylenecarbonyl)",169.0
"Poly(oxy-2,5-dimethylterephthaloyloxy- 1,4-phenylenisopropylidene-1,4-phenylene)",184.0
"Poly(oxy-2,6-dimethoxy-1,4-phenylene)",167.0
"Poly(oxy-2,6-dimethyl-1,4-phenyleneisopropylidene- 3,5-dimethyl-1,4-phenyleneoxysebacoyl)",45.0
"Poly(oxy-2,6-diphenyl-1,4-phenylene)",222.5
"Poly(oxy-2,6-diphenyl-1,4-phenylenemethylene- 3,5-diphenyl-1,4-phenyleneoxysebacoyl)",92.0
"Poly(oxy-2-acetoxytrimethyleneoxy- 1,4-phenyleneisopropylidene-1,4-phenylene)",60.0
"Poly(oxy-2-acetoxytrimethyleneoxy-1,4-phenylene-1-ethyl- 1,3-cyclohexylene-1,4-phenylene)",107.0
"Poly(oxy-2-acetoxytrimethyleneoxy-1,4-phenylenesulfonyl- 1,4-phenylene)",130.0
"Poly(oxy-2-acetoxytrimethyleneoxy-1,4-pheylene)",49.0
"Poly(oxy-2-acetoxytrimethyleneoxy-2,6-dichloro- 1,4-phenyleneisopropylidene-3,5-dichloro-1,4-phenylene)",100.0
"Poly(oxy-2-benzoyloxytrimethyleneoxy- 1,4-phenyleneisopropylidene-1,4-phenylene)",65.0
Poly(oxy-2-butenylene oxycarbonyliminohexamethyleneiminocarbonyl),-39.0
Poly(oxy-2-butenylene oxycarbonyliminohexamethyleneiminocarbonyl)  cis-trans,-45.0
Poly(oxy-2-butenyleneoxysebacoyl),-40.5
Poly(oxy-2-butynyleneoxysebacoyl),-27.0
Poly(oxy-2-ethyl-2-chloromethyltrimethylene),20.0
"Poly(oxy-2-hydroxytrimethyleneoxy-1,4-phenylene)",60.0
"Poly(oxy-2-hydroxytrimethyleneoxy-1,4-phenylene-1,3,3-trimethyltrimethylene-1,4-phenylene)",75.0
"Poly(oxy-2-hydroxytrimethyleneoxy-1,4-phenylene-1-ethyl-1,4-cyclohexylene-1,4-phenylene)",140.0
"Poly(oxy-2-hydroxytrimethyleneoxy-1,4-phenylene-1-methyl-1,4-cyclohexyleneisopropylidene-1,4-phenylene)",135.0
"Poly(oxy-2-hydroxytrimethyleneoxy-1,4-phenylene-3,3-dimethyl-1,6-indanylene)",120.0
"Poly(oxy-2-hydroxytrimethyleneoxy-1,4-phenylene-5-isopropyl-2-methyl-1,2-cyclohexylene-1,4-phenylene)",175.0
"Poly(oxy-2-hydroxytrimethyleneoxy-1,4-phenyleneisobutylidene-1,4-phenylene)",95.0
"Poly(oxy-2-hydroxytrimethyleneoxy-1,4-phenyleneisopropylidene-1,4-phenylene)",100.0
"Poly(oxy-2-hydroxytrimethyleneoxy-1,4-phenylenemethyl(phenyl)methylene-1,4-phenylene)",115.0
"Poly(oxy-2-hydroxytrimethyleneoxy-1,4-phenylenemethylene-1,4-phenylene)",80.0
"Poly(oxy-2-hydroxytrimethyleneoxy-1,4-phenylenesulfonyl- 1,4-phenylene)",155.0
"Poly(oxy-2-hydroxytrimethyleneoxy-2,6-dichloro-1,4-phenyleneisopropylidene3,5-dichloro-1,4-phenylene)",115.0
"Poly(oxy-2-hydroxytrimethyleneoxy-2-chloro-1,4-phenyleneisopropylidene-3-chloro-1,4-phenylene)",85.0
"Poly(oxy-2-methyl-6-phenyl-1,4-phenylene)",155.0
"Poly(oxy-2-pentyloxyisophthaloyloxy- 2,2,3,3,4,4-hexafluoropentamethylene)",17.0
"Poly(oxy-2-propionyloxytrimethyleneoxy-1,4-phenyleneisopropylidene-1,4-phenylene)",58.0
"Poly(oxy-3,3',5,5'-tetramethyl- 4,4'-biphenylyleneoxysebacoyl)",57.0
"Poly(oxy-3,3',5,5'-tetraphenyl-4,4'-biphenylylenesebacoyl)",98.0
"Poly(oxy-3-heptafluoropropylglutaryloxy- 2,2,3,3,4,4,5,5-octafluorohexamethylene)",-25.0
"Poly(oxy-3-heptafluoropropylglutaryloxy- 2,2,3,3,4,4-hexafluoropentamethylene)",-30.0
"Poly(oxy-3-nitro-1,3-phenyleneoxy-1,4-phenyleneisopropylidene-1,4-phenylene)",150.0
"Poly(oxy-3-oxotrimethyleneiminomethylene-2,5-dimethyl- 1,4-phenylenemethyleneimino-1-oxotrimethylene)",80.0
"Poly(oxy-4,4'-biphenylyleneoxy-1,4-phenylenesulfonyl- 1,4-phenylene)",230.0
"Poly(oxy-4-pentyloxyisophthaloyloxy- 2,2,3,3,4,4-hexafluoropentamethylene)",9.0
"Poly(oxy-5-butyl-1,3-phenyleneoxyisophthaloyl)",86.0
"Poly(oxy-5-ethyl-1,3-phenyleneoxyisophthaloyl)",122.0
"Poly(oxy-5-hexyl-1,3-phenyleneoxyisophthaloyl)",62.0
"Poly(oxy-5-methyl-1,3-phenyleneoxyisophthaloyl)",153.0
"Poly(oxy-5-nonyl-1,3-phenyleneoxy-2-fluoroisophthaloyl)",34.0
"Poly(oxy-5-nonyl-1,3-phenyleneoxy-5-fluoroisophthaloyl)",20.0
"Poly(oxy-5-nonyl-1,3-phenyleneoxyisophthaloyl)",31.0
"Poly(oxy-5-octyl-1,3-phenyleneoxyisophthaloyl)",41.0
"Poly(oxy-5-oxopentamethyleneiminomethylene- 1,4-phenylenemethyleneimino-1-oxopentamethylene)",70.0
"Poly(oxy-5-pentyloxyisophthaloyloxy- 1,4-phenylenemethylene-1,4-phenylene)",110.0
"Poly(oxy-5-pentyloxyisophthaloyloxy- 1,4-phenylenesulfonyl-1,4-phenylene)",170.0
"Poly(oxy-5-pentyloxyisophthaloyloxy- 2,2,3,3,4,4-hexafluoropentamethylene)",-30.0
"Poly(oxy-5-pentyloxyisophthaloyloxy-4,4'-biphenylene)",138.0
"Poly(oxy-5-propyl-1,3-phenyleneoxyisophthaloyl)",121.0
"Poly(oxy-5-tridecyl-1,3-phenyleneoxyisophthaloyl)",18.0
"Poly(oxy-5-undecyl-1,3-phenyleneoxyisophthaloyl)",22.0
Poly(oxy-tert-butylethylene),35.0
"Poly(oxyadipoyloxy-1,4-phenyleneisopropylidene- 1,4-phenylene)",68.0
"Poly(oxyadipoyloxy-2,6-dichloro-1,4-phenylene- isopropylidene-3,5-dichloro-1,4-phenylene)",110.0
"Poly(oxyadipoyloxy-2,6-dimethyl-1,4-phenylene isopropylidene-3,5-dimethyl-1,4-phenylene)",93.0
"Poly(oxyadipoyloxy-2,6-diphenyl-1,4-phenylenemethylene- 3,5-diphenyl-1,4-phenylene)",115.0
"Poly(oxyadipoyloxy-3,3',5,5'-tetramethyl- 4,4'-biphenylylene)",108.0
"Poly(oxycarbonyl-1,3-phenyleneoxy- 1,3-phenylenecarbonyloxy- 2,2,3,3,4,4-hexafluoropentamethylene)",20.0
"Poly(oxycarbonyl-1,4-cyclohexylenecarbonyloxy- 1,4-phenyleneisopropylidene-1,4-phenylene) trans",150.0
"Poly(oxycarbonyl-1,4-phenylenehexafluorotrimethylene- 1,4-phenylenecarbonyl)",-2.0
"Poly(oxycarbonyl-1,4-phenyleneisopropylidene- 1,4-phenylenecarbonyl)",60.0
"Poly(oxycarbonyl-1,4-phenylenemethylene- 1,4-phenylenecarbonyl)",122.0
"Poly(oxycarbonyl-1,4-phenylenepentamethylene- 1,4-phenylenecarbonyl)",47.0
"Poly(oxycarbonyl-1,4-phenylenetetramethylene- 1,4-phenylenecarbonyl)",46.0
"Poly(oxycarbonyl-1,4-phenylenethiotetramethylenethio- 1,4-phenylenecarbonyl)",62.0
"Poly(oxycarbonyl-1,5-dimethylpentamethylene)",-33.0
"Poly(oxycarbonyl-2,6-naphthylene- carbonyloxydecamethylene)",14.0
"Poly(oxycarbonyl-3,3'-biphenylylenecarbonyloxy- 1,4-phenyleneisopropylidene-1,4-phenylene)",187.0
"Poly(oxycarbonylimino-1,4-phenylenemethylene-1,4-phenylene iminocarbonyloxyhexadecamethylene)",40.0
"Poly(oxycarbonylimino-4-methyl-1,3-phenylene iminocarbonyloxydecamethylene)",18.0
"Poly(oxycarbonylimino-4-methyl-1,3-phenylene iminocarbonyloxynonamethylene)",62.0
"Poly(oxycarbonylimino-4-methyl-1,3-phenylene iminocarbonyloxyoctamethylene)",64.0
Poly(oxycarbonyliminodecamethylene iminocarbonyloxyhexadecamethylene),34.0
Poly(oxycarbonyliminohexamethylene iminocarbonyloxydecamethylene),36.0
Poly(oxycarbonyliminohexamethylene iminocarbonyloxyhexadecamethylene),39.0
"Poly(oxycarbonyliminomethylene-1,4-phenylene methyleneiminocarbonyloxydecamethylene)",49.0
"Poly(oxycarbonyliminomethylene-1,4-phenylene methyleneiminocarbonyloxydodecamethylene)",45.0
"Poly(oxycarbonyliminomethylene-1,4-phenylene methyleneiminocarbonyloxyhexadecamethylene)",47.0
Poly(oxycarbonylneopentylenesulfonylneopentylene),50.0
"Poly(oxycarbonyloxy- 2,2,3,3,4,4,5,5-octafluorohexamethylene)",-41.0
"Poly(oxycarbonyloxy-1,3-phenylenehexafluorotrimethylene- 1,3-phenylene)",46.0
"Poly(oxycarbonyloxy-1,4-phenylene-1,1-butylidene- 1,4-phenylene)",123.0
"Poly(oxycarbonyloxy-1,4-phenylene-1,3-dichloro- 1,1,3,3-tetrafluoro-2,2-propylidene-1,4-phenylene)",183.0
"Poly(oxycarbonyloxy-1,4-phenylene-2,2-butylidene- 1,4-phenylene)",134.0
"Poly(oxycarbonyloxy-1,4-phenylene-2,2-pentylidene- 1,4-phenylene)",137.0
"Poly(oxycarbonyloxy-1,4-phenylene-4,4-heptylidene- 1,4-phenylene)",148.0
"Poly(oxycarbonyloxy-1,4-phenylenebenzylidene- 1,4-phenylene)",121.0
"Poly(oxycarbonyloxy-1,4-phenylenecarbonyl-oxycarbonyl- 1,4-phenylene)",45.0
"Poly(oxycarbonyloxy-1,4-phenylenecyclohexylidene- 1,4-phenylene)",175.0
"Poly(oxycarbonyloxy-1,4-phenylenecyclopentylidene- 1,4-phenylene)",167.0
"Poly(oxycarbonyloxy-1,4-phenylenediphenylmethylene- 1,4-phenylene)",121.0
"Poly(oxycarbonyloxy-1,4-phenyleneethylidene- 1,4-phenylene)",130.0
"Poly(oxycarbonyloxy-1,4-phenylenehexafluoro- 2,2-propylidene-1,4-phenylene)",176.0
"Poly(oxycarbonyloxy-1,4-phenyleneisobutylidene- 1,4-phenylene)",149.0
"Poly(oxycarbonyloxy-1,4-phenyleneisopropylidene- 1,3-phenyleneisopropylidene-1,4-phenylene)",120.0
"Poly(oxycarbonyloxy-1,4-phenyleneisopropylidene- 1,4-phenylene)",148.875
"Poly(oxycarbonyloxy-1,4-phenylenemethylene- 1,4-phenylene)",147.0
"Poly(oxycarbonyloxy-1,4-phenylenethio-1,4-phenylene)",110.0
"Poly(oxycarbonyloxy-2,6-dichloro-1,4-phenylene isopropylidene-3,5-dichloro-1,4-phenylene)",180.0
"Poly(oxycarbonyloxy-2,6-dichloro-1,4-phenylene- cyclohexylidene-3,5-dichloro-1,4-phenylene)",163.0
"Poly(oxycarbonyloxy-2-chloro-1,4-phenylene- cyclohexylidene-3-chloro-1,4-phenylene)",170.0
"Poly(oxycarbonyloxy-2-chloro-1,4-phenylene- isopropylidene-3-chloro-1,4-phenylene)",147.0
"Poly(oxycarbonyloxy-2-chloro-6-methyl-1,4-phenylene- isopropylidene-3-chloro-5-methyl-1,4-phenylene)",154.0
"Poly(oxycarbonyloxy-2-cyclohexyl-1,4-phenylene- isopropylidene-1,4-phenylene)",132.0
"Poly(oxycarbonyloxy-2-isopropyl-1,4-phenylene- isopropylidene-1,4-phenylene)",112.0
"Poly(oxycarbonyloxy-2-methoxy-1,4-phenylene isopropylidene-1,4-phenylene)",145.0
"Poly(oxycarbonyloxy-2-methyl-1,4- phenyleneisopropylidene-1,4-phenylene)",140.0
"Poly(oxycarbonyloxy-2-methyl-1,4-phenylene- cyclohexylidene-3-methyl-1,4-phenylene)",135.0
"Poly(oxycarbonyloxy-2-methyl-1,4-phenylene- isopropylidene-3-methyl-1,4-phenylene)",95.0
"Poly(oxycarbonyloxy-2-methyl-1,4-phenylenemethylene- 3-methyl-1,4-phenylene)",51.0
"Poly(oxycarbonyloxy-2-methyl-1,4-phenylenethio-3-methyl-1,4-phenylene)",67.0
"Poly(oxycarbonyloxy-3-methyl-1,4-phenylenebenzylidene- 2-methyl-1,4-phenylene)",182.0
Poly(oxycarbonyloxyhexamethylene),-43.0
"Poly(oxydecamethyleneoxycarbonylimino-1,4-phenylenemethylene-1,4-phenyleneiminocarbonyl)",48.0
Poly(oxydecamethyleneoxycarbonyliminohexamethylene-iminocarbonyl),55.0
Poly(oxydecylethylene),-41.0
Poly(oxydibutyltinoxyadipoyl),110.0
Poly(oxydibutyltinoxyfurnaroyl),186.0
Poly(oxydibutyltinoxyterephthaloyl),315.0
Poly(oxydimethylsilylene),-14.0
"Poly(oxydimethylsilylene-1,3-phenylenehexafluorotrimethylene-1,3-phenylenedimethylsilylene)",-8.0
"Poly(oxydimethylsilylene-1,3-phenylenetetrafluoroethylene-1,3-phenylenedimethylsilylene)",-2.0
"Poly(oxydimethylsilylene-1,4-phenyleneoxy-1,4-phenylenedimethylsilylene)",20.0
"Poly(oxydimethylsilylene-2,4,5,6-tetrafluorophenylenedimethylsilylene)",-28.0
"Poly(oxydimethylsilyleneoxy-1,4-phenylene)",90.0
"Poly(oxydimethylsilyleneoxy-1,4-phenyleneisopropylidene-1,4-phenylene)",45.0
Poly(oxydimethylsilyleneoxypentylene oxyterephthaloyloxyneopentylenedimethylsilylene),-35.0
"Poly(oxydiphenoxymethyleneoxy-1,4-phenyleneisopropylidene-1,4-phenylene)",92.0
"Poly(oxydiphenoxymethyleneoxy-3,3'-dimethyl-4,4'-biphenylylene)",125.0
"Poly(oxydiphenoxymethyleneoxy-4,4'-biphenylene)",112.0
"Poly(oxydiphenylsilylene-1,3-phenylene)",58.0
"Poly(oxydiphenylsilyleneoxydimethylsilylene-1,4-phenylenedimethylsilylene)",0.0
"Poly(oxydodecamethyleneoxycarbonylimino-1,4-phenylenemethylene-1,4-phenyleneiminocarbonyl)",43.0
Poly(oxydodecamethyleneoxycarbonyliminodecamethylene iminocarbonyl),34.0
Poly(oxyethylene),42.0
Poly(oxyethylene) with dipivaloyl methane,67.0
"Poly(oxyethyleneoxycarbonyl-1,1,3-trimethylindan- 3,5-ylene-1,4-phenylenecarbonyl)",154.0
"Poly(oxyethyleneoxycarbonyl-1,4-cyclohexylenecarbonyl) trans",18.0
"Poly(oxyethyleneoxycarbonyl-1,4-naphthylenecarbonyl)",64.0
"Poly(oxyethyleneoxycarbonyl-1,4-phenylene- sec-butylidene-1,4-phenylenecarbonyl)",107.0
"Poly(oxyethyleneoxycarbonyl-1,5-naphthylenecarbonyl)",74.5
"Poly(oxyethyleneoxycarbonyl-2,2'-dimethyl- 4,4'-biphenylylenecarbonyl)",73.0
"Poly(oxyethyleneoxycarbonyl-2,6-naphthylenecarbonyl)",113.0
"Poly(oxyethyleneoxycarbonyl-2,7-naphthylenecarbonyl)",119.0
"Poly(oxyethyleneoxycarbonylimino-1,4-phenylene ethylene-1,4-phenyleneiminocarbonyl)",117.0
"Poly(oxyethyleneoxycarbonylimino-1,4-phenylene methylene-1,4-phenyleneiminocarbonyl)",139.0
"Poly(oxyethyleneoxycarbonylimino-1,4-phenylene tetramethylene-1,4-phenyleneiminocarbonyl)",106.0
"Poly(oxyethyleneoxycarbonylimino-1,4-phenylene trimethylene-1,4-phenyleneiminocarbonyl)",74.0
"Poly(oxyethyleneoxycarbonylimino-4-methyl-1,3-phenylene iminocarbonyl)",53.0
Poly(oxyethyleneoxycarbonyliminodecamethylene iminocarbonyl),61.0
Poly(oxyethyleneoxycarbonyliminohexamethylene iminocarbonyl),56.0
Poly(oxyethyleneoxycarbonyliminononamethylene iminocarbonyl),44.0
Poly(oxyethyleneoxyisophthaloyl),51.0
Poly(oxyethyleneoxyterephthaloyl),70.75
Poly(oxyethyleneoxyterephthaloyl) amorphous,60.0
Poly(oxyethylenetetrathioethylene),-40.0
Poly(oxyethylidene),-25.0
"Poly(oxyheptamethyleneoxycarbonylimino-1,4-phenylenemethylene-1,4-phenyleneiminocarbonyl)",84.0
"Poly(oxyheptamethyleneoxycarbonylimino-4-methyl-1,3-phenyleneiminocarbonyl)",61.0
Poly(oxyheptamethyleneoxycarbonyliminohexamethylene iminocarbonyl),55.0
"Poly(oxyhexamethyleneoxycarbonliminomethylene-1,4-phenylenemethyleneiminocarbonyl)",56.0
"Poly(oxyhexamethyleneoxycarbonyl- 2,6-naphthylenecarbonyl)",44.0
"Poly(oxyhexamethyleneoxycarbonylimino-1,4-phenylenemethylene-1,4-phenyleneiminocarbonyl)",51.0
"Poly(oxyhexamethyleneoxycarbonylimino-2,2,3,3,4,4,5,5-octafluorohexamethyleneiminocarbonyl)",5.0
"Poly(oxyhexamethyleneoxycarbonylimino-4-methyl-1,3-phenyleneiminocarbonyl)",32.0
Poly(oxyhexamethyleneoxycarbonyliminohexamethylene iminocarbonyl),59.0
Poly(oxyisophthaloyl),130.0
"Poly(oxyisophthaloyloxy- 2,2,3,3,4,4-hexafluoropentamethylene)",25.0
"Poly(oxyisophthaloyloxy-1,4-phenylenebenzylidene- 1,4-phenylene)",160.0
"Poly(oxyisophthaloyloxy-1,4-phenylenecyclohexylidene- 1,4-phenylene)",127.0
"Poly(oxyisophthaloyloxy-1,4-phenyleneisopropylidene- 1,4-phenylene)",189.0
"Poly(oxyisophthaloyloxy-1,4-phenylenemethylene- 1,4-phenylene)",150.0
"Poly(oxyisophthaloyloxy-2,6-dimethyl-1,4-phenylene isopropylidene-3,5-dimethyl-1,4-phenylene)",225.0
"Poly(oxyisophthaloyloxy-2,6-dimethyl-1,4-phenylene methylene-3,5-dimethyl-1,4-phenylene)",188.0
"Poly(oxyisophthaloyloxy-2-methyl-1,4-phenylene isopropylidene-3-methyl-1,4-phenylene)",165.0
"Poly(oxyisophthaloyloxy-2-methyl-1,4-phenylene methylene-3-methyl-1,4-phenylene)",145.0
"Poly(oxyisophthaloyloxy-4,4'-biphenylylene)",164.0
Poly(oxymethylene),-13.0
"Poly(oxymethylene-1,3-phenylenemethyleneoxy-2,2,3,3,4,4-hexafluoropentamethylene)",-35.0
"Poly(oxymethylene-1,3-phenylenemethyleneoxycarbonylimino-1,4-phenylenemethylene-1,4-phenyleneiminocarbonyl)",106.0
"Poly(oxymethylene-1,4-cyclohexylenemethylene- oxycarbonyl-trans-1,4-cyclohexylenecarbonyl)",52.0
"Poly(oxymethylene-1,4-phenyleneoxy-1,4-phenylenemethyleneoxy-2,2,3,3,4,4-hexafluoropentamethylene)",6.0
"Poly(oxymethylene-5-tert-butyl-1,3-phenylenemethyleneoxycarbonylimino-1,4-phenylenemethylene-1,4-phenyleneiminocarbonyl)",114.0
"Poly(oxymethyleneoxy-1,4-phenylenecarbonyl- oxycarbonyl-1,4-phenylene)",84.0
Poly(oxymethylpentafluorophenylsilylene),-25.0
"Poly(oxyneopentyleneoxycarbonyl- 1,4-cyclohexylenecarbonyl) trans",30.0
"Poly(oxyneopentyleneoxycarbonylimino-4-methyl-1,3-phenyleneiminocarbonyl)",-32.0
Poly(oxyneopentyleneoxyterephthaloyl),68.0
Poly(oxyneopentylenesulfonylneopentyleneoxycarbonylimino hexamethyleneiminocarbonyl),30.0
"Poly(oxynonamethyleneoxycarbonylimino-1,4-phenylenemethylene-1,4-phenyleneiminocarbonyl)",72.0
Poly(oxynonamethyleneoxycarbonyliminohexamethylene iminocarbonyl),58.0
"Poly(oxyoctamethyleneoxycarbonylimino-1,4-phenylenemethylene-1,4-phenyleneiminocarbonyl)",79.0
"Poly(oxypentamethyleneoxy-1,4-phenylenecarbonyl- oxycarbonyl-1,4-phenylene)",53.0
"Poly(oxypentamethyleneoxycarbonyl- 2,6-naphthylenecarbonyl)",38.0
"Poly(oxypentamethyleneoxycarbonylimino-1,4-phenylenemethylene-1,4-phenyleneiminocarbonyl)",95.0
"Poly(oxypentamethyleneoxycarbonylimino-2,2,3,3,4,4,5,5-octafluorohexamethyleneiminocarbonyl)",33.0
"Poly(oxypentamethyleneoxycarbonylimino-4-methyl-1,3-phenyleneiminocarbonyl)",52.0
Poly(oxypentamethyleneoxycarbonyliminohexamethylene iminocarbonyl),58.0
Poly(oxypentamethyleneoxyterephthaloyl),10.0
Poly(oxyphenylene),90.0
Poly(oxyphenylethylene),40.0
"Poly(oxypimeloyloxy-2,6-dimethyl-1,4-phenylene- isopropylidene-3,5-dimethyl-1,4-phenylene)",84.0
"Poly(oxypimeloyloxy-2,6-diphenyl-1,4-phenylene- methylene-3,5-diphenyl-1,4-phenylene)",111.0
"Poly(oxypimeloyloxy-3,3',5,5'-tetramethyl- 4,4'-biphenylylene)",96.0
Poly(oxypropylene) diol-based urethane prepolymer,-48.0
"Poly(oxypropyleneoxycarbonyl-2,6-naphthylenecarbonyl)",88.0
Poly(oxypropyleneoxyterephthaloyl),68.0
"Poly(oxysulfonyl-1,3-phenylenecarbonyl-1,3-phenylenesulfonyloxy-1,4-phenyleneisopropylidene-1,4-phenylene)",122.0
"Poly(oxysulfonyl-1,3-phenylenesulfonyloxy- 1,4-phenyleneisoproplyidene-1,4-phenylene)",112.0
"Poly(oxyterephthaloyloxy-1,4-phenylene) 9,9-anthronylidene-1,4-phenylene)",297.0
"Poly(oxyterephthaloyloxy-1,4-phenylene- cyclohexylmethylene-1,4-phenylene)",270.0
"Poly(oxyterephthaloyloxy-1,4-phenylene- hexafluoroisopropylidene-1,4-phenylene)",261.0
"Poly(oxyterephthaloyloxy-1,4-phenylene-1,1-indanylidene- 1,4-phenylene)",335.0
"Poly(oxyterephthaloyloxy-1,4-phenylenebenzylidene- 1,4-phenylene)",200.0
"Poly(oxyterephthaloyloxy-1,4-phenyleneisoproplyidene- 1,4-phenylene)",205.0
"Poly(oxyterephthaloyloxy-2,6-dimethyl-1,4-phenylene- isopropylidene-3,5-dimethyl-1,4-phenylene)",225.0
"Poly(oxyterephthaloyloxy-2-butyl-1,4-phenylene isopropylidene-3-butyl-1,4-phenylene)",160.0
"Poly(oxyterephthaloyloxy-2-methyl-1,4-phenylene- isopropylidene-3-methyl-1,4-phenylene)",171.5
"Poly(oxyterephthaloyloxy-2-sec-butyl-1,4-phenylene- isopropylidene-3-sec-butyl-1,4-phenylene)",100.0
Poly(oxyterephthaloyloxydecamethylene),25.0
Poly(oxyterephthaloyloxyheptamethylene),3.0
Poly(oxyterephthaloyloxyhexamethylene),45.0
"Poly(oxyterephthaloyloxymethylene- 1,4-cyclohexylenemethylene) 70% trans",85.0
Poly(oxyterephthaloyloxyneopentylene sulfonylneopentylene),105.0
Poly(oxyterephthaloyloxynonamethylene),35.0
Poly(oxyterephthaloyloxyoctamethylene),45.0
Poly(oxyterephthaloyloxypentamethylene),45.0
"Poly(oxyterephthloyloxy-2-chloro-1,4-phenylene- isopropylidene-3-chloro-1,4-phenylene)",190.0
"Poly(oxyterephthloyloxy-2-isopropyl-1,4-phenylene- isopropylidene-3-isopropyl-1,4-phenylene)",130.0
Poly(oxytetrafluoroethylene),-48.0
"Poly(oxytetramethyleneoxy-1,4-phenylenecarbonyl- oxycarbonyl-1,4-phenylene)",75.0
"Poly(oxytetramethyleneoxy-1,4-phenyleneisopropylidene- 1,4-phenyleneoxy-1,4-phenylenesulfonyl-1,4-phenyleneoxy- 1,4-phenyleneisopropylidene-1,4-phenylene)",140.0
"Poly(oxytetramethyleneoxycarbonyl- 1,4-cyclohexylenecarbonyl)",-10.0
"Poly(oxytetramethyleneoxycarbonyl- 2,6-naphthylenecarbonyl)",76.0
"Poly(oxytetramethyleneoxycarbonylimino-1,4-phenylenemethylene-1,4-phenyleneiminocarbonyl)",109.0
"Poly(oxytetramethyleneoxycarbonylimino-2,2,3,3,4,4,5,5-octafluorohexamethyleneiminocarbonyl)",33.0
"Poly(oxytetramethyleneoxycarbonylimino-4-methyl-1,3-phenyleneiminocarbonyl)",42.0
Poly(oxytetramethyleneoxyterephthaloyl),17.0
Poly(oxytrimethyleneiminoadipoyliminotrimethylene),34.0
"Poly(oxytrimethyleneoxy-1,3-phenylenecarbonyl- oxycarbonyl-1,3-phenylene)",53.0
"Poly(oxytrimethyleneoxy-1,4-phenylenecarbonyl- oxycarbonyl-1,4-phenylene)",95.0
"Poly(oxytrimethyleneoxycarbonyl- 1,4-cyclohexylenecarbonyl) trans",-6.0
"Poly(oxytrimethyleneoxycarbonyl- 2,6-naphthylenecarbonyl)",73.0
"Poly(oxytrimethyleneoxycarbonylimino-1,4-phenylenemethylene-1,4-phenyleneiminocarbonyl)",119.0
"Poly(oxytrimethyleneoxycarbonylimino-4-methyl-1,3-phenyleneiminocarbonyl)",72.0
Poly(oxytrimethyleneoxycarbonyliminohexamethyleneimino carbonyl),55.0
Poly(oxytrimethyleneoxyterephthaloyl),95.0
Poly(p-phenylene sulfide),87.33333333333333
"Poly(p-phenylene sulfide) + HX1000,amorphous LCP",172.0
"Poly(p-phenylene sulfide) + HX4000, amorphous LCP",160.0
Poly(p-phenylene terephthalamide) Kevlar,235.0
Poly(p-toluoylethylene),71.0
Poly(p-tolyl acrylate),43.0
Poly(p-tolylmethylethylene),65.0
Poly(p-vinyl phenol),155.0
Poly(pentabromobenzyl acrylate),180.0
Poly(pentachlorophenyl acrylate),147.0
"Poly(pentafluoroethyl-1,3,5-triazinediyltrimethylene)",-20.0
Poly(pentene-1),101.5
Poly(pentyl methacrylate),-5.0
Poly(pentylethylene),-31.0
Poly(perfluorostyrene),194.0
Poly(phenethyl methacrylate),26.0
Poly(phenethylethylene),10.0
Poly(phenethylmethylethylene),-28.0
Poly(phenyl acrylate),57.0
Poly(phenyl ethyl)acrylate,-3.0
Poly(phenyl methacrylate),122.0
"Poly(phenylene ether ether ketone), isopropyl subs",145.0
Poly(phenylene sulfide),98.0
Poly(phenylene sulfide) 10% m-phenylene,74.0
Poly(phenylhydroquinone),157.0
Poly(phenylquinoxaline-imide-amide),284.0
Poly(phenylvinylene),120.0
Poly(phosphazene)s,38.0
Poly(phosphene oxide ether ketone),200.0
Poly(phthalimidoethylene),224.0
Poly(piperidylacrylamide),108.0
Poly(potassium acrylate),194.0
Poly(propionyliminoethylene),70.0
Poly(propionyliminotrimethylene),8.0
Poly(propionyloxyethylene),10.0
Poly(propoxyethylene),-49.0
Poly(propyl acrylate),-41.0
Poly(propyl chloroacrylate),71.0
Poly(propyl methacrylate),43.75
Poly(propyl-2-propylene),27.0
Poly(propylene),-13.8
Poly(propylethylene),-40.0
"Poly(pyrrole),p-toluene sulfonated",160.0
"Poly(quinoxaline-2,6-diyloxyquinoxaline-7,2-diyl-1,4-phenyleneoxy-1,4-phenylene)",270.0
"Poly(quinoxaline-2,6-diylquinoxaline-6,2-diyl-1,4-phenyleneoxy-4,4'-biphenylyleneoxy-1,4-phenylene)",213.0
"Poly(quinoxaline-2,7-diylcarbonylquinoxaline-7,2-diyl-1,4-phenylene)",318.0
"Poly(quinoxaline-2,7-diyloxyquinoxaline-7,2-diyl-1,4-phenylene)",306.0
"Poly(quinoxaline-2,7-diylquinoxaline-7,2-diyl-1,4-phenyleneoxy-1,4-phenylene)",307.0
"Poly(quinoxaline-2,7-diylquinoxaline-7,2-diyl-p-terphenyl-4,4'-ylene)",305.0
"Poly(quinoxaline-2,7-diylsulfonylquinoxaline-7,2-diyl-1,4-phenylene)",342.0
Poly(sec-butoxyethylene),-20.0
Poly(sec-butyl chloroacrylate),74.0
Poly(sec-butyl methacrylate),60.0
Poly(silethylene),55.0
Poly(sodium acrylate),230.0
Poly(sodium methacrylate),310.0
Poly(styrene),104.41666666666667
Poly(styrene-b-isoprene),105.0
Poly(styrene-b-methylphenylsiloxane),30.0
Poly(styrene-co-acrylonotrile-co-chromium acrylate),96.0
Poly(styrene-co-maleic anhydride),108.0
Poly(sulfone),186.5
"Poly(sulfonyl-1,2-cyclohexylene)",128.0
"Poly(sulfonyl-1,3-cyclohexylene)",108.0
"Poly(sulfonyl-1,3-phenyleneiminoadipoylimino- 1,3-phenylene)",140.0
"Poly(sulfonyl-1,3-phenyleneiminoadipoylimino- 1,4-phenylene)",194.0
"Poly(sulfonyl-1,3-phenyleneiminoazelaoylimino- 1,3-phenylene)",125.0
"Poly(sulfonyl-1,3-phenyleneiminododecanedioylimino- 1,3-phenylene)",107.0
"Poly(sulfonyl-1,3-phenyleneiminoisophthaloylimino- 1,3-phenylene)",300.0
"Poly(sulfonyl-1,3-phenyleneiminosebacoylimino- 1,3-phenylene)",112.0
"Poly(sulfonyl-1,3-phenyleneiminosuberoylimino- 1,3-phenylene)",125.0
"Poly(sulfonyl-1,4-phenyleneimino-2-methoxy- isophthaloylimino-1,4-phenylene)",295.0
"Poly(sulfonyl-1,4-phenyleneiminoazelaoylimino- 1,4-phenylene)",178.0
"Poly(sulfonyl-1,4-phenyleneiminododecanedioylimino- 1,4-phenylene)",160.0
"Poly(sulfonyl-1,4-phenyleneiminopimeloylimino- 1,4-phenylene)",163.0
"Poly(sulfonyl-1,4-phenyleneiminosebacoylimino- 1,4-phenylene)",171.0
"Poly(sulfonyl-1,4-phenyleneiminosuberoylimino- 1,4-phenylene)",180.0
"Poly(sulfonyl-1,4-phenyleneiminoterephthaloyl- 1,4-phenylenecarbonylimino-1,4-phenylene)",317.0
"Poly(sulfonyl-1,4-phenylenemethylene-1,4-phenylene)",224.0
Poly(sulfonylneopentylene),113.0
Poly(t-butyl methacrylate-co-styrene-co-butadiene-co-styrene-co-t-butyl methacrylate),150.0
Poly(t-butylhydroquinone),177.0
"Poly(terephthalamide), pendant ester",178.0
Poly(tert-butoxyethylene),88.0
Poly(tert-butyl methacrylate),93.6
Poly(tert-butylethylene),64.0
Poly(tert-butylstyrene),149.0
Poly(tertural acrylate),48.0
Poly(tetradecafluoropentylethylene),230.0
Poly(tetradecyl acrylate),24.0
Poly(tetradecylethylene),-27.0
Poly(tetrafluoroethylene) [poly(difluoromethylene)],117.0
Poly(tetrasiloxane),-16.0
Poly(tetrathioethylene),-24.0
"Poly(tetrathiomethylene-1,4-phenylenemethylene)",3.0
"Poly(thio-1,2-cyclohexylene)",-17.0
"Poly(thio-1,4-phenylene)",97.0
Poly(thio-1-methyl-3-oxotrimethylene),12.0
"Poly(thio-11-oxoundecamethyleneiminoethylene- 1,4-phenyleneethyleneimino-1-oxoundecamethylene)",58.0
"Poly(thio-2,2-dimethylene) Poly(thioisobutylene)",-14.0
Poly(thio-3-methyl-6-oxohexamethylene),20.0
Poly(thio-3-oxotrimethyleneiminohexamethyleneimino- 1-oxotrimethylene),14.0
"Poly(thio-5-oxopentamethyleneiminomethylene- 1,4-phenylenemethyleneimino-1-oxopentamethylene)",70.0
Poly(thio-6-oxohexamethylene),19.0
"Poly(thio-7-oxoheptamethyleneiminomethylene- 1,4-phenylenemethyleneimino-1-oxoheptamethylene)",65.0
Poly(thioethylene),-20.0
Poly(thioneopentylene),-40.0
Poly(thiopropylene),-47.0
Poly(thiotrimethylene),-45.0
Poly(tridecanolactone),-36.0
"Poly(triethylene glycol p,p'-dibenzoate)",20.0
Poly(trifluoro-chloroethylene),79.0
Poly(trifluoroethylene),31.0
Poly(trihydroxypropane),74.0
Poly(trimethyl-phenylene ether),210.0
Poly(trimethylsilyl methacrylate),97.5
Poly(trisiloxane),14.0
"Poly(trithiomethylene-1,4-phenylenemethylene)",18.0
Poly(urethane) PU-30,25.5
Poly(urethane) PU-50,18.5
Poly(urethane) PU-60,18.5
Poly(urethane) PU-70,19.5
"Poly(urethane), hemicyanine dye",121.0
Poly(urethane);PU-40,20.0
"Poly(ureylene-1,4-phenylenemethylene- 1,4-phenyleneureylenedecamethylene)",46.0
"Poly(ureylene-1,4-phenylenemethylene- 1,4-phenyleneureylenedodecamethylene)",51.0
"Poly(ureylene-1,4-phenylenemethylene- 1,4-phenyleneureyleneoctadecamethylene)",48.0
Poly(ureylenedecamethyleneureylenetetradecamethylene),40.0
"Poly(ureylenehexamethyleneureylene- 1,4-phenylenemethylene-1,4-phenylene)",55.0
Poly(ureylenehexamethyleneureylenedodecamethylene),49.0
Poly(ureylenehexamethyleneureylenetetradecamethylene),47.0
"Poly(ureylenemethylene- 1,4-phenylenemethyleneureylenedecamethylene)",55.0
"Poly(ureylenemethylene- 1,4-phenylenemethyleneureylenehexamethylene)",72.0
"Poly(ureylenemethylene- 1,4-phenylenemethyleneureyleneoctadecamethylene)",52.0
"Poly(ureylenemethylene- 1,4-phenylenemethyleneureyleneoctamethylene)",68.0
"Poly(ureylenemethylene- 1,4-phenylenemethyleneureylenetetradecamethylene)",54.0
"Poly(ureyleneoctamethyleneureylene- 1,4-phenylenemethylene-1,4-phenylene)",50.0
Poly(valeryliminoethylene),13.0
Poly(vinyl alcohol) [Poly(hydroxyethylene)],65.66666666666667
Poly(vinyl chlorate),74.0
Poly(vinyl chloride),79.66666666666667
Poly(vinyl chloride-co-vinyl acetate),69.0
Poly(vinyl fluoride),41.0
Poly(vinyl pentanal acetal),54.0
Poly(vinyl trimethyl silane),105.0
Poly(vinylethylene),-2.2777777777777777
Poly(vinyltrimethylgermanium),190.0
"Poly(α, β, β-trifluorostyrene)",202.0
Poly(α-methylstyrene),130.0
Poly(β-hydroxybutyrate-co-hydroxyvalerate),-16.0
Poly(β-hydroxyvalerate),-13.5
Poly(γ-benzyl L-glutamate),15.0
"Poly(ε-caprolactone-b-1,5-dioxepen-2-one-β-ε-caprolactone)",-38.0
"Poly[(1,2-diethoxycarbonyl)ethylene]",13.0
"Poly[(1,2-dimethoxycarbonyl)ethylene]",94.0
"Poly[(1,2-dipropoxycarbonyl)ethylene]",-11.0
Poly[(1-acetylindazol-3-ylcarbonyloxy)ethylene],150.0
Poly[(1-methoxycarbonyl-1- methoxycarbonylmethylene)ethylene],99.0
Poly[(1-methylcyclohexanoyloxy)ethylene],86.0
"Poly[(2,2,3,3-tetramethylvaleryloxy)ethylene]",90.0
"Poly[(2,2,3,4-tetramethylvaleryloxy)ethylene]",50.0
"Poly[(2,2,4,4-tetramethylvaleryloxy)ethylene]",55.0
"Poly[(2,2-dimethylvaleryloxy)ethylene]",10.0
Poly[(2-acetoxybenzoyloxy)ethylene],60.0
Poly[(2-benzoyloxymethyl)styrene],72.0
"Poly[(2-ethyl-2,3,3-trimethylbutyryloxy)ethylene]",115.0
"Poly[(2-isopropyl-2,3-dimethylbutyryloxy)ethylene]",120.0
Poly[(2-methoxybenzoyloxy)ethylene],65.0
Poly[(2-methyl-5-pyridyl)ethylene],130.0
Poly[(2-methyl-6-pyridyl)ethylene],92.0
Poly[(2-methylbenzoyloxy)ethylene],48.0
Poly[(2-nitrosoethyl) methacrylate],55.0
Poly[(3-methoxybenzoyloxy)ethylene],44.0
Poly[(3-methylbenzoyloxy)ethylene],51.0
Poly[(3-nitrobenzoyloxy)ethylene],93.0
Poly[(3-trimethylsilylbenzoyloxy)ethylene],80.0
"Poly[(4-H-octafluorobutyl)-1,3,5-triazinediyltrimethylene]",-20.0
Poly[(4-dimethylaminophenyl)methylsilylenetrimethylene],-6.0
Poly[(4-dimethylaminophenyl)phenylsilylenetrimethylene],52.0
Poly[(4-methoxybenzoyloxy)ethylene],87.0
Poly[(4-methylbenzoyloxy)ethylene],70.0
Poly[(4-nitrobenzoyloxy)ethylene],122.0
Poly[(4-phenylbenzoyloxy)ethylene],85.0
Poly[(4-propionyloxybenzoyloxy)ethylene],73.0
Poly[(4-trimethylsilylbenzoyloxy)ethylene],135.0
Poly[(cyclohexylmethyl)ethylene],75.0
Poly[(cyclopentylmethyl)ethylene],60.0
Poly[(heptafluoro-2-propoxy)ethylene],55.0
Poly[(heptafluorobutyryloxy)ethylene],27.0
Poly[(heptafluoropropyl)ethylene],58.0
Poly[(methyl)phenylsilylenetrimethylene],-30.0
Poly[(nonafluorovaleryloxy)ethylene],15.0
Poly[(pentadecafluorooctanoylimino)trimethylene],25.0
Poly[(pentadecafluorooctanyloxy)ethylene],-15.0
Poly[(pentafluoroethyl)ethylene],41.0
Poly[(pentafluoropropionyloxy)ethylene],42.0
Poly[(tert-butoxycarbonylamino)ethylene],120.0
Poly[(trifluoroacetoxy)ethylene],46.0
Poly[(undecafluorocyclohexylcarbonyloxy)ethylene],54.0
Poly[(undecafluorohexanoyloxy)ethylene],-9.0
Poly[2-(2-dimethylaminoethoxycarbonyl)styrene],69.0
Poly[3-(4-biphenylyl)styrene],198.0
"Poly[4,4'-oxydiphenylene oxydiphthalimide)",270.0
Poly[4-(1-ethylhexyloxymethyl)styrene],-23.0
Poly[4-(1-hydroxy-1-methylbutyl)styrene],130.0
Poly[4-(1-hydroxy-1-methylethyl)styrene],165.0
Poly[4-(1-hydroxy-1-methylhexyl)styrene],91.0
Poly[4-(1-hydroxy-1-methylpentyl)styrene],83.0
Poly[4-(1-hydroxy-1-methylpropyl)styrene],186.0
Poly[4-(1-hydroxy-3-dimethylaminopropyl)styrene],43.0
Poly[4-(1-hydroxy-3-morpholinopropyl)styrene],50.0
Poly[4-(1-hydroxy-3-piperidinopropyl)styrene],54.0
Poly[4-(1-hydroxyiminoethyl)styrene],134.0
Poly[4-(2-diethylaminoethoxycarbonyl)styrene hydrochloride],74.0
Poly[4-(2-dimethylaminoethoxycarbonyl)styrene hydrochloride],82.0
Poly[4-(2-dimethylaminoethoxycarbonyl)styrene],100.0
Poly[4-(2-ethoxymethyl)styrene],0.0
Poly[4-(2-hydroxybutoxymethyl)styrene],46.0
Poly[4-(3-morpholinopropionyl)styrene],41.0
Poly[4-(3-piperidinopropionyl)styrene],38.0
Poly[4-(4-biphenylyl)styrene],320.0
Poly[4-(4-hydroxybutoxymethyl)styrene],20.0
Poly[4-(octyloxymethyl)styrene],-42.0
Poly[4-(pentadexafluoroheptyl)styrene],47.0
Poly[4-(sec-butoxymethyl)styrene],40.0
"Poly[5-(1,1,3,3-tetramethyl-1,3-disilabutyl)norbornene]",24.0
"Poly[9-oxabicyclo(3,3,1)nonane-2,6-diyloxycarbonylimino-1,4-cyclohexylenemethylene-1,4-cyclohexyleneiminocarbonyloxy] 53% trans, trans",221.0
"Poly[9-oxabicyclo(3,3,1)nonane-2,6-diyloxycarbonylimino-1,4-cyclohexylenemethylene-1,4-cyclohexyleneiminocarbonyloxy] 70% trans, trans",229.0
"Poly[9-oxabicyclo(3,3,1)nonane-2,6-diyloxycarbonylimino-1,4-phenylenemethylene-1,4-phenyleneiminocarbonyloxy]",200.0
"Poly[9-oxabicyclo(3,3,1)nonane-2,6-diyloxycarbonyloxy-1,4-phenyleneisopropylidene-1,4-phenylenecarbonyloxy]",194.0
Poly[bis(3-trifluoromethylphenoxy)phosphazene],-35.0
Poly[bis(4-benzylphenoxy)phosphazene],13.0
Poly[bis(4-fluorophenoxy)phosphazene],-14.0
Poly[bis(dimethylamino)phosphazene],-22.0
Poly[bis(ethylamino)phosphazene],30.0
Poly[bis(methylphenoxy)phosphazene],-4.0
Poly[bis(phenylamino)phosphazene],91.0
Poly[bis(piperidino)phosphazene],19.0
"Poly[di(oxy-1,4-phenylene)carbonyl-1,4-phenylene]",160.0
"Poly[di(oxy-1,4-phenylene)oxy-5-pentyloxyisophthaloyl]",126.0
"Poly[di(oxy-1,4-phenylene)oxyisophthaloyl]",173.0
"Poly[di(oxy-1,4-phenylene)sulfonyl-1,4-phenylene]",210.0
"Poly[di(oxyethylene)oxy-1,4-phenylenecarbonyl- oxycarbonyl-1,4-phenylene]",41.0
Poly[di(oxyethylene)oxyadipoyl],-46.0
Poly[di(oxyethylene)oxycarbonyliminohexamethyleneimino carbonyl],-1.0
Poly[di(oxyethylene)oxyglutary],-47.0
Poly[di(oxyethylene)oxymalonyl],-29.0
Poly[di(oxyethylene)oxymethylmalonyl],-29.0
Poly[di(oxyethylene)oxyoxalyl],-8.0
Poly[di(oxyethylene)oxypentylmalony],-47.0
Poly[di(oxyethylene)oxypropylmalonyl],-38.0
Poly[di(oxyethylene)oxysuccinyl],-29.0
"Poly[di(oxymethylene)oxy-1,4-phenylenecarbonyl- oxycarbonyl-1,4-phenylene]",52.0
Poly[dimethylamino(ethoxy)phosphinylethylene],32.0
Poly[dimethylamino(phenoxy)phosphinylethylene],27.0
Poly[imino(tetrachloroterephthaloyl)iminohexamethylene],296.0
"Poly[imino-5-tert-butylisophthaloylimino- (2,5-dimethylhexamethylene)]",149.0
"Poly[imino-5-tert-butylisophthaloylimino- (3,4-dimethylhexamethylene)]",173.0
Poly[iminoadipoyliminotrimethylene- (phenylphosphinidene)trimethylene],49.0
Poly[iminoadipoyliminotrimethylene- (phenylphosphinylidene)trimethylene],55.0
"Poly[iminomethylene(2,5-dimethyl- 1,4-phenylene)methyleneiminosuberoyl]",78.0
"Poly[iminomethylene-1,4- phenylenemethyleneiminocarbonyl (1,3,3-trimethyl-5-oxopentamethyl)]",125.0
"Poly[oxy(2,6-dimethyl-1,4-phenylene)]",212.25
"Poly[oxy(2,6-dimethyl-1,4-phenylene)] crosslinked",196.0
Poly[oxy(bromomethyl)ethylene],-14.0
Poly[oxy(chloromethyl)ethylene],-23.5
"Poly[oxy(methyl)-3,3,3-trifluoropropylsilylene-3,3-difluoropentamethylene(methyl)-3,3,3-trifluoropropylsilylene]",-38.0
"Poly[oxy(methyl)-3,3,3-trifluoropropylsilyleneethyldodecafluorohexamethyleneethylene(methyl)-3,3,3-trifluoropropylsilylene]",-24.0
"Poly[oxy(methyl)-3,3,3-trifluoropropylsilyleneethyleneeicosafluorodecamethyleneethylene(methyl)-3,3,3-trifluoropropylsilylene]",-11.0
"Poly[oxy(methyl)-3,3,3-trifluoropropylsilyleneethylenehexadecafluorooctamethyleneethylene-(methyl)-3,3,3-trifluoropropylsilylene]",-28.0
"Poly[oxy(methyl)-3,3,3-trifluoropropylsilyleneethyleneoctafluorotetramethyleneethylene(methyl)-3,3,3-trifluoropropylsilylene]",-25.0
"Poly[oxy(methyl)-3,3,3-trifluoropropysilylene-3,3,4,4-tetrafluorohexamethylene(methyl)-3,3,3-trifluoropropylsilylene]",-27.0
"Poly[oxy(methyl)phenylsilyleneoxy-1,4-phenylene]",95.0
"Poly[oxy(methyl)phenylsilyleneoxy1,4-phenyleneisopropylidene-1,4-phenylene]",58.0
"Poly[oxy-1,3-phenyleneoxy- 5-(heptafluoropropyl)isophthaloyl]",121.0
"Poly[oxy-1,3-phenyleneoxy- 5-(pentadecafluoroheptyl)isophthaloyl]",101.0
"Poly[oxy-1,3-phenyleneoxy-5-(10H-eicosafluorodecyl) isophthaloyl]",83.0
"Poly[oxy-1,3-phenyleneoxy-5-(triphenylsiloxydimethylsilyl)isophthaloyl]",103.0
"Poly[oxy-1,4-phenylene-(2-cyano)-2-phenyltrimethylene-1,4-phenylene]",143.0
"Poly[oxy-1,4-phenylene-2,2-di(ethoxycarbonyl)trimethylene-1,4-phenylene]",54.0
"Poly[oxy-1-(2,2,3,3-tetrafluorocyclobutyl)ethylene]",-25.0
Poly[oxy-1-(heptafluoro-2-propoxymethyl)ethylene],-43.0
"Poly[oxy-2,2-bis(chloromethyl)trimethylene]",-8.0
"Poly[oxy-2-(1-naphthyl)-6-phenyl-1,4-phenylene]",234.0
"Poly[oxy-2-(2-biphenylyl)-6-phenyl-1,4-phenylene]",211.0
"Poly[oxy-2-(2-chlorobenzoyloxy)trimethyleneoxy- 1,4-phenyleneisopropylidene-1,4-phenylene]",66.0
"Poly[oxy-2-(4-tert-butylphenyl)-6-phenyl-1,4-phenylene]",240.0
"Poly[oxy-2-(chloroacetoxy)trimethyleneoxy- 1,4-phenyleneisopropylidene-1,4-phenylene]",65.0
"Poly[oxy-2-acetoxytrimethyleneoxy- 1,4-phenylenemethyl(phenyl)methylene-1,4-phenylene]",110.0
"Poly[oxy-2-benzoyloxytrimethyleneoxy- 1,4-phenylenemethyl(phenyl)methylene-1,4-phenylene]",126.0
"Poly[oxy-5-(pentadecafluoroheptyl)isophthaloyloxy- 2,2,3,3,4,4-hexafluoropentamethylene]",27.0
"Poly[oxy-6-phenyl-2-(3'-o-terphenylyl)-1,4-phenylene]",212.0
"Poly[oxy-6-phenyl-2-(m-tolyl)-1,4-phenylene]",219.0
"Poly[oxy-6-phenyl-2-(p-tolyl)-1,4-phenylene]",218.0
"Poly[oxycarbonyldi(oxy-1,4-phenylene)sulfonyl- 1,4-phenyleneoxy-1,4-phenylene]",205.0
"Poly[oxycarbonyloxy-1,3-(2,2,4,4-tetra- methylcyclobutylene)]",227.0
"Poly[oxycarbonyloxy-1,4-phenylene (methyl)phenylmethylene-1,4-phenylene]",176.0
"Poly[oxycarbonyloxy-1,4-phenylene(cyano) phenylmethylene-1,4-phenylene]",138.0
"Poly[oxycarbonyloxy-4,6-dimethyl-1,2-phenylene- methylene-3,5-dimethyl-1,2-phenylene]",137.0
Poly[oxydi(pentafluorophenyl)silylenedi-(oxydimethylsilylene)],-42.0
"Poly[oxytri(dimethylsilylenoxy)(methyl)phenylsilylene-1,3-phenylene(methyl)phenylsilylene]",-42.0
"Poly[perfluoro(propyl-1,3,5-triazinediylhexamethylene)]",-12.0
"Poly[quinoxaline-2,6-diylquinoxaline-6,2-diyl-di(1,4-phenyleneoxy)-1,4-phenylene]",195.0
"Poly[quinoxaline-2,6-diylquinoxaline-6,2-diyl-tri-(1,4-phenyleneoxy)-1,4-phenylene]",133.0
"Poly[quinoxaline-2,7-diylquinoxaline-7,2-diyl-di(1,4-phenyleneoxy)-1,4-phenylene]",235.0
"Poly[quinoxaline-2,7-diylquinoxaline-7,2-diyl-tri-(1,4-phenyleneoxy)-1,4-phenylene]",216.0
Poly[styrene-b-(ethylene-co-butylene)-b-styrene],-40.0
"Poly[tri(oxy-1,4-phenylene)carbonyl-1,4-phenylene]",150.0
"Poly[tri(oxy-1,4-phenylene)sulfonyl-1,4-phenylene]",180.0
"Poly[tri(oxydimethylsilylene-1,4-phenyleneoxy)-1,4-phenylenedimethylsilylene]",-37.0
Poly[tri(oxyethylene)oxycarbonyliminohexamethyleneimino carbonyl],-13.0
"Polyamide of 1,7-bis(aminophenoxy)napthalene and dicarboxylic acid",139.0
"Polyamide of 2,4'-biphenyldiamine",248.0
Polyamide of bis(4-carboxyphenyl)phenylphosphene oxide,225.0
Polyarylate of Bisphenol A,196.0
Polyarylate of Bisphenol A and isophthalic acid,184.0
Polyarylate of terephthalic acid,198.0
Polybenzoxazine B-b,135.0
Polybenzoxazine B-e,180.0
Polybenzoxazine B-ip,140.0
Polybenzoxazine B-m,180.0
Polybenzoxazine B-p,130.0
Polycarbonate,122.6
"Polyesters of 3-phenyl-4,4'-biphenyl dicarboxylic acid, aromatic",125.0
Polyl(pivaloyloxyethylene),86.0
Polymer from trifluoronitrosomethane and bromotrifluoroethylene,3.0
Polymer from trifluoronitrosomethane and chlorotrifluoroethylene,-25.0
Polymer from trifluoronitrosomethane and hexafluoropropylene,-9.0
Polymer from trifluoronitrosomethane and perfluorobutadiene,-7.0
Polymer from trifluoronitrosomethane and trifluoromethyl trifluorovinyl ether,-5.0
Polymer from trifluoronitrosomethane and trifluoromethyl trifluorovinyl sulfide,-48.0
Polysulfone of Bisphenol A and diphenylene sulfone,186.0
Poy[(4-p-toluoylbutyryloxy)ethylene],40.0
"Resorcinol-Bisphenol A copolymer, o-adamantyl",100.0
Starburst oxadiazole,97.0
"Starch acetate, dry",165.0
"Starch acetate, humid",95.0
Triphenylmethyl cellulose,153.0
